food_id,wikipedia_id,food_group,food_subgroup,ncbi_taxonomy_id,db,rank,matched_taxid,kingdom,phylum,class,order,family,genus,species,taxon,taxrank,kraken_raw_reads,reads,sample_id,lineage,taxid_lineage,relative_abundance,total_reads,total_raw_reads,bacteria_reads,human_reads
506,Cattle,Animal foods,Bovines,9913,genbank,species,9913,Eukaryota,Chordata,Mammalia,Artiodactyla,Bovidae,Bos,Bos taurus,Bos taurus,species,18,133,7124,k__Eukaryota;p__Chordata;c__Mammalia;o__Artiodactyla;f__Bovidae;g__Bos;s__Bos taurus,2759;7711;40674;91561;9895;9903;9913,5.27449649676271e-06,25215677,15921688,24245649,5919
310,Wild boar,Animal foods,Swine,9823,genbank,species,9823,Eukaryota,Chordata,Mammalia,Artiodactyla,Suidae,Sus,Sus scrofa,Sus scrofa,species,29,32,7124,k__Eukaryota;p__Chordata;c__Mammalia;o__Artiodactyla;f__Suidae;g__Sus;s__Sus scrofa,2759;7711;40674;91561;9821;9822;9823,1.26905178869479e-06,25215677,15921688,24245649,5919
549,Domestic pig,Animal foods,Swine,9825,genbank,species,9823,Eukaryota,Chordata,Mammalia,Artiodactyla,Suidae,Sus,Sus scrofa,Sus scrofa,species,29,32,7124,k__Eukaryota;p__Chordata;c__Mammalia;o__Artiodactyla;f__Suidae;g__Sus;s__Sus scrofa,2759;7711;40674;91561;9821;9822;9823,1.26905178869479e-06,25215677,15921688,24245649,5919
25,Beet,Vegetables,Leaf vegetables,161934,genbank,species,161934,Eukaryota,Streptophyta,Magnoliopsida,Caryophyllales,Chenopodiaceae,Beta,Beta vulgaris,Beta vulgaris,species,237,308,7124,k__Eukaryota;p__Streptophyta;c__Magnoliopsida;o__Caryophyllales;f__Chenopodiaceae;g__Beta;s__Beta vulgaris,2759;35493;3398;3524;1804623;3554;161934,1.22146234661873e-05,25215677,15921688,24245649,5919
237,Swiss_chard,Vegetables,Leaf vegetables,1527200,genbank,species,161934,Eukaryota,Streptophyta,Magnoliopsida,Caryophyllales,Chenopodiaceae,Beta,Beta vulgaris,Beta vulgaris,species,237,308,7124,k__Eukaryota;p__Streptophyta;c__Magnoliopsida;o__Caryophyllales;f__Chenopodiaceae;g__Beta;s__Beta vulgaris,2759;35493;3398;3524;1804623;3554;161934,1.22146234661873e-05,25215677,15921688,24245649,5919
178,Spinach,Vegetables,Leaf vegetables,3562,genbank,species,3562,Eukaryota,Streptophyta,Magnoliopsida,Caryophyllales,Chenopodiaceae,Spinacia,Spinacia oleracea,Spinacia oleracea,species,106,176,7124,k__Eukaryota;p__Streptophyta;c__Magnoliopsida;o__Caryophyllales;f__Chenopodiaceae;g__Spinacia;s__Spinacia oleracea,2759;35493;3398;3524;1804623;3561;3562,6.97978483782133e-06,25215677,15921688,24245649,5919
457,Roselle_(plant),Herbs and Spices,Herbs,183260,genbank,species,183260,Eukaryota,Streptophyta,Magnoliopsida,Malvales,Malvaceae,Hibiscus,Hibiscus sabdariffa,Hibiscus sabdariffa,species,96,194,7124,k__Eukaryota;p__Streptophyta;c__Magnoliopsida;o__Malvales;f__Malvaceae;g__Hibiscus;s__Hibiscus sabdariffa,2759;35493;3398;41938;3629;47605;183260,7.69362646896215e-06,25215677,15921688,24245649,5919
748,Hibiscus_tea,Teas,Herbal teas,183260,genbank,species,183260,Eukaryota,Streptophyta,Magnoliopsida,Malvales,Malvaceae,Hibiscus,Hibiscus sabdariffa,Hibiscus sabdariffa,species,96,194,7124,k__Eukaryota;p__Streptophyta;c__Magnoliopsida;o__Malvales;f__Malvaceae;g__Hibiscus;s__Hibiscus sabdariffa,2759;35493;3398;41938;3629;47605;183260,7.69362646896215e-06,25215677,15921688,24245649,5919
182,Cocoa_bean,Cocoa and cocoa products,Cocoa,3641,genbank,species,3641,Eukaryota,Streptophyta,Magnoliopsida,Malvales,Malvaceae,Theobroma,Theobroma cacao,Theobroma cacao,species,65,175,7124,k__Eukaryota;p__Streptophyta;c__Magnoliopsida;o__Malvales;f__Malvaceae;g__Theobroma;s__Theobroma cacao,2759;35493;3398;41938;3629;3640;3641,6.94012696942462e-06,25215677,15921688,24245649,5919
83,Strawberry,Fruits,Berries,3747,genbank,species,3747,Eukaryota,Streptophyta,Magnoliopsida,Rosales,Rosaceae,Fragaria,Fragaria x ananassa,Fragaria x ananassa,species,33,58,7124,k__Eukaryota;p__Streptophyta;c__Magnoliopsida;o__Rosales;f__Rosaceae;g__Fragaria;s__Fragaria x ananassa,2759;35493;3398;3744;3745;3746;3747,2.3001563670093e-06,25215677,15921688,24245649,5919
95,Lettuce,Vegetables,Leaf vegetables,4236,genbank,species,4236,Eukaryota,Streptophyta,Magnoliopsida,Asterales,Asteraceae,Lactuca,Lactuca sativa,Lactuca sativa,species,127,267,7124,k__Eukaryota;p__Streptophyta;c__Magnoliopsida;o__Asterales;f__Asteraceae;g__Lactuca;s__Lactuca sativa,2759;35493;3398;4209;4210;4235;4236,1.05886508619221e-05,25215677,15921688,24245649,5919
72,Daucus carota,Vegetables,Root vegetables,4039,genbank,species,4039,Eukaryota,Streptophyta,Magnoliopsida,Apiales,Apiaceae,Daucus,Daucus carota,Daucus carota,species,38,78,7124,k__Eukaryota;p__Streptophyta;c__Magnoliopsida;o__Apiales;f__Apiaceae;g__Daucus;s__Daucus carota,2759;35493;3398;4036;4037;4038;4039,3.09331373494354e-06,25215677,15921688,24245649,5919
245,Carrot,Vegetables,Root vegetables,79200,genbank,species,4039,Eukaryota,Streptophyta,Magnoliopsida,Apiales,Apiaceae,Daucus,Daucus carota,Daucus carota,species,38,78,7124,k__Eukaryota;p__Streptophyta;c__Magnoliopsida;o__Apiales;f__Apiaceae;g__Daucus;s__Daucus carota,2759;35493;3398;4036;4037;4038;4039,3.09331373494354e-06,25215677,15921688,24245649,5919
171,Solanum_lycopersicum,Vegetables,Fruit vegetables,4081,genbank,species,4081,Eukaryota,Streptophyta,Magnoliopsida,Solanales,Solanaceae,Solanum,Solanum lycopersicum,Solanum lycopersicum,species,30,321,7124,k__Eukaryota;p__Streptophyta;c__Magnoliopsida;o__Solanales;f__Solanaceae;g__Solanum;s__Solanum lycopersicum,2759;35493;3398;4069;4070;4107;4081,1.27301757553446e-05,25215677,15921688,24245649,5919
172,Cherry tomato,Vegetables,Fruit vegetables,195583,genbank,species,4081,Eukaryota,Streptophyta,Magnoliopsida,Solanales,Solanaceae,Solanum,Solanum lycopersicum,Solanum lycopersicum,species,30,321,7124,k__Eukaryota;p__Streptophyta;c__Magnoliopsida;o__Solanales;f__Solanaceae;g__Solanum;s__Solanum lycopersicum,2759;35493;3398;4069;4070;4107;4081,1.27301757553446e-05,25215677,15921688,24245649,5919
187,Common wheat,Cereals and cereal products,Cereals,4565,genbank,species,4565,Eukaryota,Streptophyta,Magnoliopsida,Poales,Poaceae,Triticum,Triticum aestivum,Triticum aestivum,species,113,295,7124,k__Eukaryota;p__Streptophyta;c__Magnoliopsida;o__Poales;f__Poaceae;g__Triticum;s__Triticum aestivum,2759;35493;3398;38820;4479;4564;4565,1.16990711770301e-05,25215677,15921688,24245649,5919
63,Saffron,Herbs and Spices,Spices,82528,genbank,species,82528,Eukaryota,Streptophyta,Magnoliopsida,Asparagales,Iridaceae,Crocus,Crocus sativus,Crocus sativus,species,40,50,7124,k__Eukaryota;p__Streptophyta;c__Magnoliopsida;o__Asparagales;f__Iridaceae;g__Crocus;s__Crocus sativus,2759;35493;3398;73496;26339;58949;82528,1.9828934198356e-06,25215677,15921688,24245649,5919
6,Onion,Vegetables,Onion-family vegetables,4679,genbank,species,4679,Eukaryota,Streptophyta,Magnoliopsida,Asparagales,Amaryllidaceae,Allium,Allium cepa,Allium cepa,species,19,31,7124,k__Eukaryota;p__Streptophyta;c__Magnoliopsida;o__Asparagales;f__Amaryllidaceae;g__Allium;s__Allium cepa,2759;35493;3398;73496;4668;4678;4679,1.22939392029807e-06,25215677,15921688,24245649,5919
226,"",Vegetables,Onion-family vegetables,4679,genbank,species,4679,Eukaryota,Streptophyta,Magnoliopsida,Asparagales,Amaryllidaceae,Allium,Allium cepa,Allium cepa,species,19,31,7124,k__Eukaryota;p__Streptophyta;c__Magnoliopsida;o__Asparagales;f__Amaryllidaceae;g__Allium;s__Allium cepa,2759;35493;3398;73496;4668;4678;4679,1.22939392029807e-06,25215677,15921688,24245649,5919
130,Avocado,Vegetables,Fruit vegetables,3435,genbank,species,3435,Eukaryota,Streptophyta,Magnoliopsida,Laurales,Lauraceae,Persea,Persea americana,Persea americana,species,106,611,7124,k__Eukaryota;p__Streptophyta;c__Magnoliopsida;o__Laurales;f__Lauraceae;g__Persea;s__Persea americana,2759;35493;3398;3432;3433;3434;3435,2.42309575903911e-05,25215677,15921688,24245649,5919
450,Quinoa,Herbs and Spices,Other seeds,63459,genbank,species,63459,Eukaryota,Streptophyta,Magnoliopsida,Caryophyllales,Chenopodiaceae,Chenopodium,Chenopodium quinoa,Chenopodium quinoa,species,358,832,7117,k__Eukaryota;p__Streptophyta;c__Magnoliopsida;o__Caryophyllales;f__Chenopodiaceae;g__Chenopodium;s__Chenopodium quinoa,2759;35493;3398;3524;1804623;3558;63459,4.10301709345524e-05,20277761,12150477,20119913,1828
86,Sunflower,Herbs and Spices,Oilseed crops,4232,genbank,species,4232,Eukaryota,Streptophyta,Magnoliopsida,Asterales,Asteraceae,Helianthus,Helianthus annuus,Helianthus annuus,species,148,365,7117,k__Eukaryota;p__Streptophyta;c__Magnoliopsida;o__Asterales;f__Asteraceae;g__Helianthus;s__Helianthus annuus,2759;35493;3398;4209;4210;4231;4232,1.8000014893163e-05,20277761,12150477,20119913,1828
333,Salvia_hispanica,Herbs and Spices,Other seeds,49212,genbank,species,49212,Eukaryota,Streptophyta,Magnoliopsida,Lamiales,Lamiaceae,Salvia,Salvia hispanica,Salvia hispanica,species,43,46,7117,k__Eukaryota;p__Streptophyta;c__Magnoliopsida;o__Lamiales;f__Lamiaceae;g__Salvia;s__Salvia hispanica,2759;35493;3398;4143;4136;21880;49212,2.2684950276315e-06,20277761,12150477,20119913,1828
38,Tea,Teas,Teas,4442,genbank,species,4442,Eukaryota,Streptophyta,Magnoliopsida,Ericales,Theaceae,Camellia,Camellia sinensis,Camellia sinensis,species,16,31,7117,k__Eukaryota;p__Streptophyta;c__Magnoliopsida;o__Ericales;f__Theaceae;g__Camellia;s__Camellia sinensis,2759;35493;3398;41945;27065;4441;4442,1.52876838818645e-06,20277761,12150477,20119913,1828
101,Flax,Herbs and Spices,Oilseed crops,4006,genbank,species,4006,Eukaryota,Streptophyta,Magnoliopsida,Malpighiales,Linaceae,Linum,Linum usitatissimum,Linum usitatissimum,species,157,165,7117,k__Eukaryota;p__Streptophyta;c__Magnoliopsida;o__Malpighiales;f__Linaceae;g__Linum;s__Linum usitatissimum,2759;35493;3398;3646;4004;4005;4006,8.13699303389561e-06,20277761,12150477,20119913,1828
457,Roselle_(plant),Herbs and Spices,Herbs,183260,genbank,species,183260,Eukaryota,Streptophyta,Magnoliopsida,Malvales,Malvaceae,Hibiscus,Hibiscus sabdariffa,Hibiscus sabdariffa,species,99,123,7117,k__Eukaryota;p__Streptophyta;c__Magnoliopsida;o__Malvales;f__Malvaceae;g__Hibiscus;s__Hibiscus sabdariffa,2759;35493;3398;41938;3629;47605;183260,6.06575844344945e-06,20277761,12150477,20119913,1828
748,Hibiscus_tea,Teas,Herbal teas,183260,genbank,species,183260,Eukaryota,Streptophyta,Magnoliopsida,Malvales,Malvaceae,Hibiscus,Hibiscus sabdariffa,Hibiscus sabdariffa,species,99,123,7117,k__Eukaryota;p__Streptophyta;c__Magnoliopsida;o__Malvales;f__Malvaceae;g__Hibiscus;s__Hibiscus sabdariffa,2759;35493;3398;41938;3629;47605;183260,6.06575844344945e-06,20277761,12150477,20119913,1828
187,Common wheat,Cereals and cereal products,Cereals,4565,genbank,species,4565,Eukaryota,Streptophyta,Magnoliopsida,Poales,Poaceae,Triticum,Triticum aestivum,Triticum aestivum,species,167,551,7117,k__Eukaryota;p__Streptophyta;c__Magnoliopsida;o__Poales;f__Poaceae;g__Triticum;s__Triticum aestivum,2759;35493;3398;38820;4479;4564;4565,2.71726252222817e-05,20277761,12150477,20119913,1828
6,Onion,Vegetables,Onion-family vegetables,4679,genbank,species,4679,Eukaryota,Streptophyta,Magnoliopsida,Asparagales,Amaryllidaceae,Allium,Allium cepa,Allium cepa,species,10,21,7117,k__Eukaryota;p__Streptophyta;c__Magnoliopsida;o__Asparagales;f__Amaryllidaceae;g__Allium;s__Allium cepa,2759;35493;3398;73496;4668;4678;4679,1.03561729522308e-06,20277761,12150477,20119913,1828
226,"",Vegetables,Onion-family vegetables,4679,genbank,species,4679,Eukaryota,Streptophyta,Magnoliopsida,Asparagales,Amaryllidaceae,Allium,Allium cepa,Allium cepa,species,10,21,7117,k__Eukaryota;p__Streptophyta;c__Magnoliopsida;o__Asparagales;f__Amaryllidaceae;g__Allium;s__Allium cepa,2759;35493;3398;73496;4668;4678;4679,1.03561729522308e-06,20277761,12150477,20119913,1828
334,Chicken,Animal foods,Poultry,9031,genbank,species,9031,Eukaryota,Chordata,Aves,Galliformes,Phasianidae,Gallus,Gallus gallus,Gallus gallus,species,32,93,7117,k__Eukaryota;p__Chordata;c__Aves;o__Galliformes;f__Phasianidae;g__Gallus;s__Gallus gallus,2759;7711;8782;8976;9005;9030;9031,4.58630516455934e-06,20277761,12150477,20119913,1828
457,Roselle_(plant),Herbs and Spices,Herbs,183260,genbank,species,183260,Eukaryota,Streptophyta,Magnoliopsida,Malvales,Malvaceae,Hibiscus,Hibiscus sabdariffa,Hibiscus sabdariffa,species,101,174,7112,k__Eukaryota;p__Streptophyta;c__Magnoliopsida;o__Malvales;f__Malvaceae;g__Hibiscus;s__Hibiscus sabdariffa,2759;35493;3398;41938;3629;47605;183260,6.95170911364271e-06,25029816,12058546,24982387,4314
748,Hibiscus_tea,Teas,Herbal teas,183260,genbank,species,183260,Eukaryota,Streptophyta,Magnoliopsida,Malvales,Malvaceae,Hibiscus,Hibiscus sabdariffa,Hibiscus sabdariffa,species,101,174,7112,k__Eukaryota;p__Streptophyta;c__Magnoliopsida;o__Malvales;f__Malvaceae;g__Hibiscus;s__Hibiscus sabdariffa,2759;35493;3398;41938;3629;47605;183260,6.95170911364271e-06,25029816,12058546,24982387,4314
162,Red_raspberry,Fruits,Berries,32247,genbank,species,32247,Eukaryota,Streptophyta,Magnoliopsida,Rosales,Rosaceae,Rubus,Rubus idaeus,Rubus idaeus,species,12,87,7112,k__Eukaryota;p__Streptophyta;c__Magnoliopsida;o__Rosales;f__Rosaceae;g__Rubus;s__Rubus idaeus,2759;35493;3398;3744;3745;23216;32247,3.47585455682135e-06,25029816,12058546,24982387,4314
170,Sesame,Herbs and Spices,Oilseed crops,4182,genbank,species,4182,Eukaryota,Streptophyta,Magnoliopsida,Lamiales,Pedaliaceae,Sesamum,Sesamum indicum,Sesamum indicum,species,26,174,7112,k__Eukaryota;p__Streptophyta;c__Magnoliopsida;o__Lamiales;f__Pedaliaceae;g__Sesamum;s__Sesamum indicum,2759;35493;3398;4143;4180;4181;4182,6.95170911364271e-06,25029816,12058546,24982387,4314
205,Corn,Cereals and cereal products,Cereals,4577,genbank,species,4577,Eukaryota,Streptophyta,Magnoliopsida,Poales,Poaceae,Zea,Zea mays,Zea mays,species,12,66,7112,k__Eukaryota;p__Streptophyta;c__Magnoliopsida;o__Poales;f__Poaceae;g__Zea;s__Zea mays,2759;35493;3398;38820;4479;4575;4577,2.63685518103689e-06,25029816,12058546,24982387,4314
8,Garlic,Herbs and Spices,Herbs,4682,genbank,species,4682,Eukaryota,Streptophyta,Magnoliopsida,Asparagales,Amaryllidaceae,Allium,Allium sativum,Allium sativum,species,11,19,7112,k__Eukaryota;p__Streptophyta;c__Magnoliopsida;o__Asparagales;f__Amaryllidaceae;g__Allium;s__Allium sativum,2759;35493;3398;73496;4668;4678;4682,7.59094673328801e-07,25029816,12058546,24982387,4314
880,Garlic,Herbs and Spices,Herbs,4682,genbank,species,4682,Eukaryota,Streptophyta,Magnoliopsida,Asparagales,Amaryllidaceae,Allium,Allium sativum,Allium sativum,species,11,19,7112,k__Eukaryota;p__Streptophyta;c__Magnoliopsida;o__Asparagales;f__Amaryllidaceae;g__Allium;s__Allium sativum,2759;35493;3398;73496;4668;4678;4682,7.59094673328801e-07,25029816,12058546,24982387,4314
465,Atlantic salmon,Aquatic foods,Fishes,8030,genbank,species,8030,Eukaryota,Chordata,Actinopteri,Salmoniformes,Salmonidae,Salmo,Salmo salar,Salmo salar,species,26,35,7125,k__Eukaryota;p__Chordata;c__Actinopteri;o__Salmoniformes;f__Salmonidae;g__Salmo;s__Salmo salar,2759;7711;186623;8006;8015;8028;8030,2.00940470294855e-06,17418094,9181912,16662502,6646
457,Roselle_(plant),Herbs and Spices,Herbs,183260,genbank,species,183260,Eukaryota,Streptophyta,Magnoliopsida,Malvales,Malvaceae,Hibiscus,Hibiscus sabdariffa,Hibiscus sabdariffa,species,129,407,7125,k__Eukaryota;p__Streptophyta;c__Magnoliopsida;o__Malvales;f__Malvaceae;g__Hibiscus;s__Hibiscus sabdariffa,2759;35493;3398;41938;3629;47605;183260,2.33665061171446e-05,17418094,9181912,16662502,6646
748,Hibiscus_tea,Teas,Herbal teas,183260,genbank,species,183260,Eukaryota,Streptophyta,Magnoliopsida,Malvales,Malvaceae,Hibiscus,Hibiscus sabdariffa,Hibiscus sabdariffa,species,129,407,7125,k__Eukaryota;p__Streptophyta;c__Magnoliopsida;o__Malvales;f__Malvaceae;g__Hibiscus;s__Hibiscus sabdariffa,2759;35493;3398;41938;3629;47605;183260,2.33665061171446e-05,17418094,9181912,16662502,6646
182,Cocoa_bean,Cocoa and cocoa products,Cocoa,3641,genbank,species,3641,Eukaryota,Streptophyta,Magnoliopsida,Malvales,Malvaceae,Theobroma,Theobroma cacao,Theobroma cacao,species,14,97,7125,k__Eukaryota;p__Streptophyta;c__Magnoliopsida;o__Malvales;f__Malvaceae;g__Theobroma;s__Theobroma cacao,2759;35493;3398;41938;3629;3640;3641,5.56892160531457e-06,17418094,9181912,16662502,6646
392,Jerusalem artichoke,Vegetables,Tubers,4233,genbank,species,4233,Eukaryota,Streptophyta,Magnoliopsida,Asterales,Asteraceae,Helianthus,Helianthus tuberosus,Helianthus tuberosus,species,19,87,7125,k__Eukaryota;p__Streptophyta;c__Magnoliopsida;o__Asterales;f__Asteraceae;g__Helianthus;s__Helianthus tuberosus,2759;35493;3398;4209;4210;4231;4233,4.99480597590069e-06,17418094,9181912,16662502,6646
187,Common wheat,Cereals and cereal products,Cereals,4565,genbank,species,4565,Eukaryota,Streptophyta,Magnoliopsida,Poales,Poaceae,Triticum,Triticum aestivum,Triticum aestivum,species,30,105,7125,k__Eukaryota;p__Streptophyta;c__Magnoliopsida;o__Poales;f__Poaceae;g__Triticum;s__Triticum aestivum,2759;35493;3398;38820;4479;4564;4565,6.02821410884566e-06,17418094,9181912,16662502,6646
457,Roselle_(plant),Herbs and Spices,Herbs,183260,genbank,species,183260,Eukaryota,Streptophyta,Magnoliopsida,Malvales,Malvaceae,Hibiscus,Hibiscus sabdariffa,Hibiscus sabdariffa,species,17,167,7101,k__Eukaryota;p__Streptophyta;c__Magnoliopsida;o__Malvales;f__Malvaceae;g__Hibiscus;s__Hibiscus sabdariffa,2759;35493;3398;41938;3629;47605;183260,1.10882146487134e-05,15061036,9035958,15001347,1018
748,Hibiscus_tea,Teas,Herbal teas,183260,genbank,species,183260,Eukaryota,Streptophyta,Magnoliopsida,Malvales,Malvaceae,Hibiscus,Hibiscus sabdariffa,Hibiscus sabdariffa,species,17,167,7101,k__Eukaryota;p__Streptophyta;c__Magnoliopsida;o__Malvales;f__Malvaceae;g__Hibiscus;s__Hibiscus sabdariffa,2759;35493;3398;41938;3629;47605;183260,1.10882146487134e-05,15061036,9035958,15001347,1018
83,Strawberry,Fruits,Berries,3747,genbank,species,3747,Eukaryota,Streptophyta,Magnoliopsida,Rosales,Rosaceae,Fragaria,Fragaria x ananassa,Fragaria x ananassa,species,173,269,7119,k__Eukaryota;p__Streptophyta;c__Magnoliopsida;o__Rosales;f__Rosaceae;g__Fragaria;s__Fragaria x ananassa,2759;35493;3398;3744;3745;3746;3747,9.03152051019697e-06,29784575,14256135,29723841,1087
47,Chickpea,Pulses,Peas,3827,genbank,species,3827,Eukaryota,Streptophyta,Magnoliopsida,Fabales,Fabaceae,Cicer,Cicer arietinum,Cicer arietinum,species,18,28,7119,k__Eukaryota;p__Streptophyta;c__Magnoliopsida;o__Fabales;f__Fabaceae;g__Cicer;s__Cicer arietinum,2759;35493;3398;72025;3803;3826;3827,9.40083919277008e-07,29784575,14256135,29723841,1087
457,Roselle_(plant),Herbs and Spices,Herbs,183260,genbank,species,183260,Eukaryota,Streptophyta,Magnoliopsida,Malvales,Malvaceae,Hibiscus,Hibiscus sabdariffa,Hibiscus sabdariffa,species,40,106,7119,k__Eukaryota;p__Streptophyta;c__Magnoliopsida;o__Malvales;f__Malvaceae;g__Hibiscus;s__Hibiscus sabdariffa,2759;35493;3398;41938;3629;47605;183260,3.55888912297725e-06,29784575,14256135,29723841,1087
748,Hibiscus_tea,Teas,Herbal teas,183260,genbank,species,183260,Eukaryota,Streptophyta,Magnoliopsida,Malvales,Malvaceae,Hibiscus,Hibiscus sabdariffa,Hibiscus sabdariffa,species,40,106,7119,k__Eukaryota;p__Streptophyta;c__Magnoliopsida;o__Malvales;f__Malvaceae;g__Hibiscus;s__Hibiscus sabdariffa,2759;35493;3398;41938;3629;47605;183260,3.55888912297725e-06,29784575,14256135,29723841,1087
182,Cocoa_bean,Cocoa and cocoa products,Cocoa,3641,genbank,species,3641,Eukaryota,Streptophyta,Magnoliopsida,Malvales,Malvaceae,Theobroma,Theobroma cacao,Theobroma cacao,species,11,29,7119,k__Eukaryota;p__Streptophyta;c__Magnoliopsida;o__Malvales;f__Malvaceae;g__Theobroma;s__Theobroma cacao,2759;35493;3398;41938;3629;3640;3641,9.73658344965473e-07,29784575,14256135,29723841,1087
191,Vaccinium corymbosum,Fruits,Berries,69266,genbank,species,69266,Eukaryota,Streptophyta,Magnoliopsida,Ericales,Ericaceae,Vaccinium,Vaccinium corymbosum,Vaccinium corymbosum,species,24,166,7119,k__Eukaryota;p__Streptophyta;c__Magnoliopsida;o__Ericales;f__Ericaceae;g__Vaccinium;s__Vaccinium corymbosum,2759;35493;3398;41945;4345;13749;69266,5.57335466428512e-06,29784575,14256135,29723841,1087
187,Common wheat,Cereals and cereal products,Cereals,4565,genbank,species,4565,Eukaryota,Streptophyta,Magnoliopsida,Poales,Poaceae,Triticum,Triticum aestivum,Triticum aestivum,species,48,116,7119,k__Eukaryota;p__Streptophyta;c__Magnoliopsida;o__Poales;f__Poaceae;g__Triticum;s__Triticum aestivum,2759;35493;3398;38820;4479;4564;4565,3.89463337986189e-06,29784575,14256135,29723841,1087
205,Corn,Cereals and cereal products,Cereals,4577,genbank,species,4577,Eukaryota,Streptophyta,Magnoliopsida,Poales,Poaceae,Zea,Zea mays,Zea mays,species,73,220,7119,k__Eukaryota;p__Streptophyta;c__Magnoliopsida;o__Poales;f__Poaceae;g__Zea;s__Zea mays,2759;35493;3398;38820;4479;4575;4577,7.38637365146221e-06,29784575,14256135,29723841,1087
130,Avocado,Vegetables,Fruit vegetables,3435,genbank,species,3435,Eukaryota,Streptophyta,Magnoliopsida,Laurales,Lauraceae,Persea,Persea americana,Persea americana,species,15,40,7119,k__Eukaryota;p__Streptophyta;c__Magnoliopsida;o__Laurales;f__Lauraceae;g__Persea;s__Persea americana,2759;35493;3398;3432;3433;3434;3435,1.34297702753858e-06,29784575,14256135,29723841,1087
465,Atlantic salmon,Aquatic foods,Fishes,8030,genbank,species,8030,Eukaryota,Chordata,Actinopteri,Salmoniformes,Salmonidae,Salmo,Salmo salar,Salmo salar,species,12,33,7119,k__Eukaryota;p__Chordata;c__Actinopteri;o__Salmoniformes;f__Salmonidae;g__Salmo;s__Salmo salar,2759;7711;186623;8006;8015;8028;8030,1.10795604771933e-06,29784575,14256135,29723841,1087
457,Roselle_(plant),Herbs and Spices,Herbs,183260,genbank,species,183260,Eukaryota,Streptophyta,Magnoliopsida,Malvales,Malvaceae,Hibiscus,Hibiscus sabdariffa,Hibiscus sabdariffa,species,52,175,7102,k__Eukaryota;p__Streptophyta;c__Magnoliopsida;o__Malvales;f__Malvaceae;g__Hibiscus;s__Hibiscus sabdariffa,2759;35493;3398;41938;3629;47605;183260,6.07953716031976e-06,28785086,15106191,28770778,7213
748,Hibiscus_tea,Teas,Herbal teas,183260,genbank,species,183260,Eukaryota,Streptophyta,Magnoliopsida,Malvales,Malvaceae,Hibiscus,Hibiscus sabdariffa,Hibiscus sabdariffa,species,52,175,7102,k__Eukaryota;p__Streptophyta;c__Magnoliopsida;o__Malvales;f__Malvaceae;g__Hibiscus;s__Hibiscus sabdariffa,2759;35493;3398;41938;3629;47605;183260,6.07953716031976e-06,28785086,15106191,28770778,7213
187,Common wheat,Cereals and cereal products,Cereals,4565,genbank,species,4565,Eukaryota,Streptophyta,Magnoliopsida,Poales,Poaceae,Triticum,Triticum aestivum,Triticum aestivum,species,39,119,7102,k__Eukaryota;p__Streptophyta;c__Magnoliopsida;o__Poales;f__Poaceae;g__Triticum;s__Triticum aestivum,2759;35493;3398;38820;4479;4564;4565,4.13408526901744e-06,28785086,15106191,28770778,7213
208,Banana,Fruits,Tropical fruits,4641,genbank,species,4641,Eukaryota,Streptophyta,Magnoliopsida,Zingiberales,Musaceae,Musa,Musa acuminata,Musa acuminata,species,22,152,7102,k__Eukaryota;p__Streptophyta;c__Magnoliopsida;o__Zingiberales;f__Musaceae;g__Musa;s__Musa acuminata,2759;35493;3398;4618;4637;4640;4641,5.28051227639202e-06,28785086,15106191,28770778,7213
457,Roselle_(plant),Herbs and Spices,Herbs,183260,genbank,species,183260,Eukaryota,Streptophyta,Magnoliopsida,Malvales,Malvaceae,Hibiscus,Hibiscus sabdariffa,Hibiscus sabdariffa,species,101,271,7109,k__Eukaryota;p__Streptophyta;c__Magnoliopsida;o__Malvales;f__Malvaceae;g__Hibiscus;s__Hibiscus sabdariffa,2759;35493;3398;41938;3629;47605;183260,1.54268252453221e-05,17566803,10095724,17555642,2669
748,Hibiscus_tea,Teas,Herbal teas,183260,genbank,species,183260,Eukaryota,Streptophyta,Magnoliopsida,Malvales,Malvaceae,Hibiscus,Hibiscus sabdariffa,Hibiscus sabdariffa,species,101,271,7109,k__Eukaryota;p__Streptophyta;c__Magnoliopsida;o__Malvales;f__Malvaceae;g__Hibiscus;s__Hibiscus sabdariffa,2759;35493;3398;41938;3629;47605;183260,1.54268252453221e-05,17566803,10095724,17555642,2669
94,Juglans regia,Nuts,Nuts,51240,genbank,species,51240,Eukaryota,Streptophyta,Magnoliopsida,Fagales,Juglandaceae,Juglans,Juglans regia,Juglans regia,species,12,124,7109,k__Eukaryota;p__Streptophyta;c__Magnoliopsida;o__Fagales;f__Juglandaceae;g__Juglans;s__Juglans regia,2759;35493;3398;3502;16714;16718;51240,7.05876874693705e-06,17566803,10095724,17555642,2669
16,Mr. Peanut,Nuts,Nuts,3818,genbank,species,3818,Eukaryota,Streptophyta,Magnoliopsida,Fabales,Fabaceae,Arachis,Arachis hypogaea,Arachis hypogaea,species,10,56,7109,k__Eukaryota;p__Streptophyta;c__Magnoliopsida;o__Fabales;f__Fabaceae;g__Arachis;s__Arachis hypogaea,2759;35493;3398;72025;3803;3817;3818,3.18783104700383e-06,17566803,10095724,17555642,2669
457,Roselle_(plant),Herbs and Spices,Herbs,183260,genbank,species,183260,Eukaryota,Streptophyta,Magnoliopsida,Malvales,Malvaceae,Hibiscus,Hibiscus sabdariffa,Hibiscus sabdariffa,species,128,487,7107,k__Eukaryota;p__Streptophyta;c__Magnoliopsida;o__Malvales;f__Malvaceae;g__Hibiscus;s__Hibiscus sabdariffa,2759;35493;3398;41938;3629;47605;183260,1.90270058068312e-05,25595199,13720703,25564175,1701
748,Hibiscus_tea,Teas,Herbal teas,183260,genbank,species,183260,Eukaryota,Streptophyta,Magnoliopsida,Malvales,Malvaceae,Hibiscus,Hibiscus sabdariffa,Hibiscus sabdariffa,species,128,487,7107,k__Eukaryota;p__Streptophyta;c__Magnoliopsida;o__Malvales;f__Malvaceae;g__Hibiscus;s__Hibiscus sabdariffa,2759;35493;3398;41938;3629;47605;183260,1.90270058068312e-05,25595199,13720703,25564175,1701
166,Sambucus nigra,Fruits,Berries,4202,genbank,species,4202,Eukaryota,Streptophyta,Magnoliopsida,Dipsacales,Adoxaceae,Sambucus,Sambucus nigra,Sambucus nigra,species,12,54,7107,k__Eukaryota;p__Streptophyta;c__Magnoliopsida;o__Dipsacales;f__Adoxaceae;g__Sambucus;s__Sambucus nigra,2759;35493;3398;4199;4206;4201;4202,2.10977066441249e-06,25595199,13720703,25564175,1701
6,Onion,Vegetables,Onion-family vegetables,4679,genbank,species,4679,Eukaryota,Streptophyta,Magnoliopsida,Asparagales,Amaryllidaceae,Allium,Allium cepa,Allium cepa,species,12,44,7107,k__Eukaryota;p__Streptophyta;c__Magnoliopsida;o__Asparagales;f__Amaryllidaceae;g__Allium;s__Allium cepa,2759;35493;3398;73496;4668;4678;4679,1.719072393225e-06,25595199,13720703,25564175,1701
226,"",Vegetables,Onion-family vegetables,4679,genbank,species,4679,Eukaryota,Streptophyta,Magnoliopsida,Asparagales,Amaryllidaceae,Allium,Allium cepa,Allium cepa,species,12,44,7107,k__Eukaryota;p__Streptophyta;c__Magnoliopsida;o__Asparagales;f__Amaryllidaceae;g__Allium;s__Allium cepa,2759;35493;3398;73496;4668;4678;4679,1.719072393225e-06,25595199,13720703,25564175,1701
403,Lingcod,Aquatic foods,Fishes,225387,genbank,species,225387,Eukaryota,Chordata,Actinopteri,Perciformes,Hexagrammidae,Ophiodon,Ophiodon elongatus,Ophiodon elongatus,species,13,15,7114,k__Eukaryota;p__Chordata;c__Actinopteri;o__Perciformes;f__Hexagrammidae;g__Ophiodon;s__Ophiodon elongatus,2759;7711;186623;8111;30983;225386;225387,5.30799424273713e-07,28259262,15011140,27920378,2983
457,Roselle_(plant),Herbs and Spices,Herbs,183260,genbank,species,183260,Eukaryota,Streptophyta,Magnoliopsida,Malvales,Malvaceae,Hibiscus,Hibiscus sabdariffa,Hibiscus sabdariffa,species,97,284,7114,k__Eukaryota;p__Streptophyta;c__Magnoliopsida;o__Malvales;f__Malvaceae;g__Hibiscus;s__Hibiscus sabdariffa,2759;35493;3398;41938;3629;47605;183260,1.00498024329156e-05,28259262,15011140,27920378,2983
748,Hibiscus_tea,Teas,Herbal teas,183260,genbank,species,183260,Eukaryota,Streptophyta,Magnoliopsida,Malvales,Malvaceae,Hibiscus,Hibiscus sabdariffa,Hibiscus sabdariffa,species,97,284,7114,k__Eukaryota;p__Streptophyta;c__Magnoliopsida;o__Malvales;f__Malvaceae;g__Hibiscus;s__Hibiscus sabdariffa,2759;35493;3398;41938;3629;47605;183260,1.00498024329156e-05,28259262,15011140,27920378,2983
187,Common wheat,Cereals and cereal products,Cereals,4565,genbank,species,4565,Eukaryota,Streptophyta,Magnoliopsida,Poales,Poaceae,Triticum,Triticum aestivum,Triticum aestivum,species,13,56,7114,k__Eukaryota;p__Streptophyta;c__Magnoliopsida;o__Poales;f__Poaceae;g__Triticum;s__Triticum aestivum,2759;35493;3398;38820;4479;4564;4565,1.98165118395519e-06,28259262,15011140,27920378,2983
208,Banana,Fruits,Tropical fruits,4641,genbank,species,4641,Eukaryota,Streptophyta,Magnoliopsida,Zingiberales,Musaceae,Musa,Musa acuminata,Musa acuminata,species,11,63,7114,k__Eukaryota;p__Streptophyta;c__Magnoliopsida;o__Zingiberales;f__Musaceae;g__Musa;s__Musa acuminata,2759;35493;3398;4618;4637;4640;4641,2.22935758194959e-06,28259262,15011140,27920378,2983
6,Onion,Vegetables,Onion-family vegetables,4679,genbank,species,4679,Eukaryota,Streptophyta,Magnoliopsida,Asparagales,Amaryllidaceae,Allium,Allium cepa,Allium cepa,species,11,20,7114,k__Eukaryota;p__Streptophyta;c__Magnoliopsida;o__Asparagales;f__Amaryllidaceae;g__Allium;s__Allium cepa,2759;35493;3398;73496;4668;4678;4679,7.07732565698283e-07,28259262,15011140,27920378,2983
226,"",Vegetables,Onion-family vegetables,4679,genbank,species,4679,Eukaryota,Streptophyta,Magnoliopsida,Asparagales,Amaryllidaceae,Allium,Allium cepa,Allium cepa,species,11,20,7114,k__Eukaryota;p__Streptophyta;c__Magnoliopsida;o__Asparagales;f__Amaryllidaceae;g__Allium;s__Allium cepa,2759;35493;3398;73496;4668;4678;4679,7.07732565698283e-07,28259262,15011140,27920378,2983
8,Garlic,Herbs and Spices,Herbs,4682,genbank,species,4682,Eukaryota,Streptophyta,Magnoliopsida,Asparagales,Amaryllidaceae,Allium,Allium sativum,Allium sativum,species,10,25,7114,k__Eukaryota;p__Streptophyta;c__Magnoliopsida;o__Asparagales;f__Amaryllidaceae;g__Allium;s__Allium sativum,2759;35493;3398;73496;4668;4678;4682,8.84665707122854e-07,28259262,15011140,27920378,2983
880,Garlic,Herbs and Spices,Herbs,4682,genbank,species,4682,Eukaryota,Streptophyta,Magnoliopsida,Asparagales,Amaryllidaceae,Allium,Allium sativum,Allium sativum,species,10,25,7114,k__Eukaryota;p__Streptophyta;c__Magnoliopsida;o__Asparagales;f__Amaryllidaceae;g__Allium;s__Allium sativum,2759;35493;3398;73496;4668;4678;4682,8.84665707122854e-07,28259262,15011140,27920378,2983
130,Avocado,Vegetables,Fruit vegetables,3435,genbank,species,3435,Eukaryota,Streptophyta,Magnoliopsida,Laurales,Lauraceae,Persea,Persea americana,Persea americana,species,11,106,7114,k__Eukaryota;p__Streptophyta;c__Magnoliopsida;o__Laurales;f__Lauraceae;g__Persea;s__Persea americana,2759;35493;3398;3432;3433;3434;3435,3.7509825982009e-06,28259262,15011140,27920378,2983
141,Pea,Pulses,Peas,3888,genbank,species,3888,Eukaryota,Streptophyta,Magnoliopsida,Fabales,Fabaceae,Pisum,Pisum sativum,Pisum sativum,species,12,81,7111,k__Eukaryota;p__Streptophyta;c__Magnoliopsida;o__Fabales;f__Fabaceae;g__Pisum;s__Pisum sativum,2759;35493;3398;72025;3803;3887;3888,2.04361255901341e-06,39635693,22401056,39623665,1971
16,Mr. Peanut,Nuts,Nuts,3818,genbank,species,3818,Eukaryota,Streptophyta,Magnoliopsida,Fabales,Fabaceae,Arachis,Arachis hypogaea,Arachis hypogaea,species,11,68,7111,k__Eukaryota;p__Streptophyta;c__Magnoliopsida;o__Fabales;f__Fabaceae;g__Arachis;s__Arachis hypogaea,2759;35493;3398;72025;3803;3817;3818,1.7156253581841e-06,39635693,22401056,39623665,1971
457,Roselle_(plant),Herbs and Spices,Herbs,183260,genbank,species,183260,Eukaryota,Streptophyta,Magnoliopsida,Malvales,Malvaceae,Hibiscus,Hibiscus sabdariffa,Hibiscus sabdariffa,species,31,112,7111,k__Eukaryota;p__Streptophyta;c__Magnoliopsida;o__Malvales;f__Malvaceae;g__Hibiscus;s__Hibiscus sabdariffa,2759;35493;3398;41938;3629;47605;183260,2.82573588406793e-06,39635693,22401056,39623665,1971
748,Hibiscus_tea,Teas,Herbal teas,183260,genbank,species,183260,Eukaryota,Streptophyta,Magnoliopsida,Malvales,Malvaceae,Hibiscus,Hibiscus sabdariffa,Hibiscus sabdariffa,species,31,112,7111,k__Eukaryota;p__Streptophyta;c__Magnoliopsida;o__Malvales;f__Malvaceae;g__Hibiscus;s__Hibiscus sabdariffa,2759;35493;3398;41938;3629;47605;183260,2.82573588406793e-06,39635693,22401056,39623665,1971
16,Mr. Peanut,Nuts,Nuts,3818,genbank,species,3818,Eukaryota,Streptophyta,Magnoliopsida,Fabales,Fabaceae,Arachis,Arachis hypogaea,Arachis hypogaea,species,40,128,7123,k__Eukaryota;p__Streptophyta;c__Magnoliopsida;o__Fabales;f__Fabaceae;g__Arachis;s__Arachis hypogaea,2759;35493;3398;72025;3803;3817;3818,3.4072943357139e-06,37566464,20276666,37559256,3696
187,Common wheat,Cereals and cereal products,Cereals,4565,genbank,species,4565,Eukaryota,Streptophyta,Magnoliopsida,Poales,Poaceae,Triticum,Triticum aestivum,Triticum aestivum,species,31,78,7123,k__Eukaryota;p__Streptophyta;c__Magnoliopsida;o__Poales;f__Poaceae;g__Triticum;s__Triticum aestivum,2759;35493;3398;38820;4479;4564;4565,2.07631998582566e-06,37566464,20276666,37559256,3696
130,Avocado,Vegetables,Fruit vegetables,3435,genbank,species,3435,Eukaryota,Streptophyta,Magnoliopsida,Laurales,Lauraceae,Persea,Persea americana,Persea americana,species,39,133,7123,k__Eukaryota;p__Streptophyta;c__Magnoliopsida;o__Laurales;f__Lauraceae;g__Persea;s__Persea americana,2759;35493;3398;3432;3433;3434;3435,3.54039177070272e-06,37566464,20276666,37559256,3696
457,Roselle_(plant),Herbs and Spices,Herbs,183260,genbank,species,183260,Eukaryota,Streptophyta,Magnoliopsida,Malvales,Malvaceae,Hibiscus,Hibiscus sabdariffa,Hibiscus sabdariffa,species,67,128,7127,k__Eukaryota;p__Streptophyta;c__Magnoliopsida;o__Malvales;f__Malvaceae;g__Hibiscus;s__Hibiscus sabdariffa,2759;35493;3398;41938;3629;47605;183260,3.46888582856072e-06,36899456,20406995,36872827,1675
748,Hibiscus_tea,Teas,Herbal teas,183260,genbank,species,183260,Eukaryota,Streptophyta,Magnoliopsida,Malvales,Malvaceae,Hibiscus,Hibiscus sabdariffa,Hibiscus sabdariffa,species,67,128,7127,k__Eukaryota;p__Streptophyta;c__Magnoliopsida;o__Malvales;f__Malvaceae;g__Hibiscus;s__Hibiscus sabdariffa,2759;35493;3398;41938;3629;47605;183260,3.46888582856072e-06,36899456,20406995,36872827,1675
72,Daucus carota,Vegetables,Root vegetables,4039,genbank,species,4039,Eukaryota,Streptophyta,Magnoliopsida,Apiales,Apiaceae,Daucus,Daucus carota,Daucus carota,species,11,33,7127,k__Eukaryota;p__Streptophyta;c__Magnoliopsida;o__Apiales;f__Apiaceae;g__Daucus;s__Daucus carota,2759;35493;3398;4036;4037;4038;4039,8.94322127675812e-07,36899456,20406995,36872827,1675
245,Carrot,Vegetables,Root vegetables,79200,genbank,species,4039,Eukaryota,Streptophyta,Magnoliopsida,Apiales,Apiaceae,Daucus,Daucus carota,Daucus carota,species,11,33,7127,k__Eukaryota;p__Streptophyta;c__Magnoliopsida;o__Apiales;f__Apiaceae;g__Daucus;s__Daucus carota,2759;35493;3398;4036;4037;4038;4039,8.94322127675812e-07,36899456,20406995,36872827,1675
22,Oat,Cereals and cereal products,Cereals,4498,genbank,species,4498,Eukaryota,Streptophyta,Magnoliopsida,Poales,Poaceae,Avena,Avena sativa,Avena sativa,species,23,29,7127,k__Eukaryota;p__Streptophyta;c__Magnoliopsida;o__Poales;f__Poaceae;g__Avena;s__Avena sativa,2759;35493;3398;38820;4479;4496;4498,7.85919445533289e-07,36899456,20406995,36872827,1675
6,Onion,Vegetables,Onion-family vegetables,4679,genbank,species,4679,Eukaryota,Streptophyta,Magnoliopsida,Asparagales,Amaryllidaceae,Allium,Allium cepa,Allium cepa,species,16,19,7127,k__Eukaryota;p__Streptophyta;c__Magnoliopsida;o__Asparagales;f__Amaryllidaceae;g__Allium;s__Allium cepa,2759;35493;3398;73496;4668;4678;4679,5.14912740176983e-07,36899456,20406995,36872827,1675
226,"",Vegetables,Onion-family vegetables,4679,genbank,species,4679,Eukaryota,Streptophyta,Magnoliopsida,Asparagales,Amaryllidaceae,Allium,Allium cepa,Allium cepa,species,16,19,7127,k__Eukaryota;p__Streptophyta;c__Magnoliopsida;o__Asparagales;f__Amaryllidaceae;g__Allium;s__Allium cepa,2759;35493;3398;73496;4668;4678;4679,5.14912740176983e-07,36899456,20406995,36872827,1675
130,Avocado,Vegetables,Fruit vegetables,3435,genbank,species,3435,Eukaryota,Streptophyta,Magnoliopsida,Laurales,Lauraceae,Persea,Persea americana,Persea americana,species,40,204,7127,k__Eukaryota;p__Streptophyta;c__Magnoliopsida;o__Laurales;f__Lauraceae;g__Persea;s__Persea americana,2759;35493;3398;3432;3433;3434;3435,5.52853678926866e-06,36899456,20406995,36872827,1675
457,Roselle_(plant),Herbs and Spices,Herbs,183260,genbank,species,183260,Eukaryota,Streptophyta,Magnoliopsida,Malvales,Malvaceae,Hibiscus,Hibiscus sabdariffa,Hibiscus sabdariffa,species,112,281,7108,k__Eukaryota;p__Streptophyta;c__Magnoliopsida;o__Malvales;f__Malvaceae;g__Hibiscus;s__Hibiscus sabdariffa,2759;35493;3398;41938;3629;47605;183260,6.96331961121581e-06,40354316,20748768,40310282,1814
748,Hibiscus_tea,Teas,Herbal teas,183260,genbank,species,183260,Eukaryota,Streptophyta,Magnoliopsida,Malvales,Malvaceae,Hibiscus,Hibiscus sabdariffa,Hibiscus sabdariffa,species,112,281,7108,k__Eukaryota;p__Streptophyta;c__Magnoliopsida;o__Malvales;f__Malvaceae;g__Hibiscus;s__Hibiscus sabdariffa,2759;35493;3398;41938;3629;47605;183260,6.96331961121581e-06,40354316,20748768,40310282,1814
506,Cattle,Animal foods,Bovines,9913,genbank,species,9913,Eukaryota,Chordata,Mammalia,Artiodactyla,Bovidae,Bos,Bos taurus,Bos taurus,species,13,110,7118,k__Eukaryota;p__Chordata;c__Mammalia;o__Artiodactyla;f__Bovidae;g__Bos;s__Bos taurus,2759;7711;40674;91561;9895;9903;9913,2.71006428937692e-06,40589443,20734442,40585987,1599
310,Wild boar,Animal foods,Swine,9823,genbank,species,9823,Eukaryota,Chordata,Mammalia,Artiodactyla,Suidae,Sus,Sus scrofa,Sus scrofa,species,20,22,7118,k__Eukaryota;p__Chordata;c__Mammalia;o__Artiodactyla;f__Suidae;g__Sus;s__Sus scrofa,2759;7711;40674;91561;9821;9822;9823,5.42012857875384e-07,40589443,20734442,40585987,1599
549,Domestic pig,Animal foods,Swine,9825,genbank,species,9823,Eukaryota,Chordata,Mammalia,Artiodactyla,Suidae,Sus,Sus scrofa,Sus scrofa,species,20,22,7118,k__Eukaryota;p__Chordata;c__Mammalia;o__Artiodactyla;f__Suidae;g__Sus;s__Sus scrofa,2759;7711;40674;91561;9821;9822;9823,5.42012857875384e-07,40589443,20734442,40585987,1599
561,Agaricus bisporus,Vegetables,Mushrooms,5341,genbank,species,5341,Eukaryota,Basidiomycota,Agaricomycetes,Agaricales,Agaricaceae,Agaricus,Agaricus bisporus,Agaricus bisporus,species,25,25,7118,k__Eukaryota;p__Basidiomycota;c__Agaricomycetes;o__Agaricales;f__Agaricaceae;g__Agaricus;s__Agaricus bisporus,2759;5204;155619;5338;5339;5340;5341,6.15923702131118e-07,40589443,20734442,40585987,1599
178,Spinach,Vegetables,Leaf vegetables,3562,genbank,species,3562,Eukaryota,Streptophyta,Magnoliopsida,Caryophyllales,Chenopodiaceae,Spinacia,Spinacia oleracea,Spinacia oleracea,species,422,558,7118,k__Eukaryota;p__Streptophyta;c__Magnoliopsida;o__Caryophyllales;f__Chenopodiaceae;g__Spinacia;s__Spinacia oleracea,2759;35493;3398;3524;1804623;3561;3562,1.37474170315666e-05,40589443,20734442,40585987,1599
457,Roselle_(plant),Herbs and Spices,Herbs,183260,genbank,species,183260,Eukaryota,Streptophyta,Magnoliopsida,Malvales,Malvaceae,Hibiscus,Hibiscus sabdariffa,Hibiscus sabdariffa,species,172,258,7118,k__Eukaryota;p__Streptophyta;c__Magnoliopsida;o__Malvales;f__Malvaceae;g__Hibiscus;s__Hibiscus sabdariffa,2759;35493;3398;41938;3629;47605;183260,6.35633260599314e-06,40589443,20734442,40585987,1599
748,Hibiscus_tea,Teas,Herbal teas,183260,genbank,species,183260,Eukaryota,Streptophyta,Magnoliopsida,Malvales,Malvaceae,Hibiscus,Hibiscus sabdariffa,Hibiscus sabdariffa,species,172,258,7118,k__Eukaryota;p__Streptophyta;c__Magnoliopsida;o__Malvales;f__Malvaceae;g__Hibiscus;s__Hibiscus sabdariffa,2759;35493;3398;41938;3629;47605;183260,6.35633260599314e-06,40589443,20734442,40585987,1599
95,Lettuce,Vegetables,Leaf vegetables,4236,genbank,species,4236,Eukaryota,Streptophyta,Magnoliopsida,Asterales,Asteraceae,Lactuca,Lactuca sativa,Lactuca sativa,species,16,39,7118,k__Eukaryota;p__Streptophyta;c__Magnoliopsida;o__Asterales;f__Asteraceae;g__Lactuca;s__Lactuca sativa,2759;35493;3398;4209;4210;4235;4236,9.60840975324544e-07,40589443,20734442,40585987,1599
457,Roselle_(plant),Herbs and Spices,Herbs,183260,genbank,species,183260,Eukaryota,Streptophyta,Magnoliopsida,Malvales,Malvaceae,Hibiscus,Hibiscus sabdariffa,Hibiscus sabdariffa,species,192,480,7106,k__Eukaryota;p__Streptophyta;c__Magnoliopsida;o__Malvales;f__Malvaceae;g__Hibiscus;s__Hibiscus sabdariffa,2759;35493;3398;41938;3629;47605;183260,1.18822484036014e-05,40396395,22145004,40381706,1799
748,Hibiscus_tea,Teas,Herbal teas,183260,genbank,species,183260,Eukaryota,Streptophyta,Magnoliopsida,Malvales,Malvaceae,Hibiscus,Hibiscus sabdariffa,Hibiscus sabdariffa,species,192,480,7106,k__Eukaryota;p__Streptophyta;c__Magnoliopsida;o__Malvales;f__Malvaceae;g__Hibiscus;s__Hibiscus sabdariffa,2759;35493;3398;41938;3629;47605;183260,1.18822484036014e-05,40396395,22145004,40381706,1799
85,Soybean,Soy,Soy,3847,genbank,species,3847,Eukaryota,Streptophyta,Magnoliopsida,Fabales,Fabaceae,Glycine,Glycine max,Glycine max,species,13,38,7106,k__Eukaryota;p__Streptophyta;c__Magnoliopsida;o__Fabales;f__Fabaceae;g__Glycine;s__Glycine max,2759;35493;3398;72025;3803;3846;3847,9.40677998618441e-07,40396395,22145004,40381706,1799
83,Strawberry,Fruits,Berries,3747,genbank,species,3747,Eukaryota,Streptophyta,Magnoliopsida,Rosales,Rosaceae,Fragaria,Fragaria x ananassa,Fragaria x ananassa,species,15,38,7106,k__Eukaryota;p__Streptophyta;c__Magnoliopsida;o__Rosales;f__Rosaceae;g__Fragaria;s__Fragaria x ananassa,2759;35493;3398;3744;3745;3746;3747,9.40677998618441e-07,40396395,22145004,40381706,1799
457,Roselle_(plant),Herbs and Spices,Herbs,183260,genbank,species,183260,Eukaryota,Streptophyta,Magnoliopsida,Malvales,Malvaceae,Hibiscus,Hibiscus sabdariffa,Hibiscus sabdariffa,species,142,216,7121,k__Eukaryota;p__Streptophyta;c__Magnoliopsida;o__Malvales;f__Malvaceae;g__Hibiscus;s__Hibiscus sabdariffa,2759;35493;3398;41938;3629;47605;183260,5.04742134137138e-06,42794129,22552367,42733864,1855
748,Hibiscus_tea,Teas,Herbal teas,183260,genbank,species,183260,Eukaryota,Streptophyta,Magnoliopsida,Malvales,Malvaceae,Hibiscus,Hibiscus sabdariffa,Hibiscus sabdariffa,species,142,216,7121,k__Eukaryota;p__Streptophyta;c__Magnoliopsida;o__Malvales;f__Malvaceae;g__Hibiscus;s__Hibiscus sabdariffa,2759;35493;3398;41938;3629;47605;183260,5.04742134137138e-06,42794129,22552367,42733864,1855
94,Juglans regia,Nuts,Nuts,51240,genbank,species,51240,Eukaryota,Streptophyta,Magnoliopsida,Fagales,Juglandaceae,Juglans,Juglans regia,Juglans regia,species,24,80,7121,k__Eukaryota;p__Streptophyta;c__Magnoliopsida;o__Fagales;f__Juglandaceae;g__Juglans;s__Juglans regia,2759;35493;3398;3502;16714;16718;51240,1.86941531161903e-06,42794129,22552367,42733864,1855
86,Sunflower,Herbs and Spices,Oilseed crops,4232,genbank,species,4232,Eukaryota,Streptophyta,Magnoliopsida,Asterales,Asteraceae,Helianthus,Helianthus annuus,Helianthus annuus,species,18,67,7121,k__Eukaryota;p__Streptophyta;c__Magnoliopsida;o__Asterales;f__Asteraceae;g__Helianthus;s__Helianthus annuus,2759;35493;3398;4209;4210;4231;4232,1.56563532348094e-06,42794129,22552367,42733864,1855
187,Common wheat,Cereals and cereal products,Cereals,4565,genbank,species,4565,Eukaryota,Streptophyta,Magnoliopsida,Poales,Poaceae,Triticum,Triticum aestivum,Triticum aestivum,species,169,376,7121,k__Eukaryota;p__Streptophyta;c__Magnoliopsida;o__Poales;f__Poaceae;g__Triticum;s__Triticum aestivum,2759;35493;3398;38820;4479;4564;4565,8.78625196460945e-06,42794129,22552367,42733864,1855
130,Avocado,Vegetables,Fruit vegetables,3435,genbank,species,3435,Eukaryota,Streptophyta,Magnoliopsida,Laurales,Lauraceae,Persea,Persea americana,Persea americana,species,21,85,7121,k__Eukaryota;p__Streptophyta;c__Magnoliopsida;o__Laurales;f__Lauraceae;g__Persea;s__Persea americana,2759;35493;3398;3432;3433;3434;3435,1.98625376859522e-06,42794129,22552367,42733864,1855
302,Beluga_whale,Aquatic foods,Cetaceans,9749,genbank,species,9749,Eukaryota,Chordata,Mammalia,Artiodactyla,Monodontidae,Delphinapterus,Delphinapterus leucas,Delphinapterus leucas,species,11,13,7122,k__Eukaryota;p__Chordata;c__Mammalia;o__Artiodactyla;f__Monodontidae;g__Delphinapterus;s__Delphinapterus leucas,2759;7711;40674;91561;9747;9748;9749,3.62671383849663e-07,35845122,17959066,35611154,5641
148,Prunus_dulcis,Nuts,Nuts,3755,genbank,species,3755,Eukaryota,Streptophyta,Magnoliopsida,Rosales,Rosaceae,Prunus,Prunus dulcis,Prunus dulcis,species,60,443,7122,k__Eukaryota;p__Streptophyta;c__Magnoliopsida;o__Rosales;f__Rosaceae;g__Prunus;s__Prunus dulcis,2759;35493;3398;3744;3745;3754;3755,1.23587248496462e-05,35845122,17959066,35611154,5641
101,Flax,Herbs and Spices,Oilseed crops,4006,genbank,species,4006,Eukaryota,Streptophyta,Magnoliopsida,Malpighiales,Linaceae,Linum,Linum usitatissimum,Linum usitatissimum,species,64,65,7122,k__Eukaryota;p__Streptophyta;c__Magnoliopsida;o__Malpighiales;f__Linaceae;g__Linum;s__Linum usitatissimum,2759;35493;3398;3646;4004;4005;4006,1.81335691924832e-06,35845122,17959066,35611154,5641
457,Roselle_(plant),Herbs and Spices,Herbs,183260,genbank,species,183260,Eukaryota,Streptophyta,Magnoliopsida,Malvales,Malvaceae,Hibiscus,Hibiscus sabdariffa,Hibiscus sabdariffa,species,124,157,7122,k__Eukaryota;p__Streptophyta;c__Magnoliopsida;o__Malvales;f__Malvaceae;g__Hibiscus;s__Hibiscus sabdariffa,2759;35493;3398;41938;3629;47605;183260,4.37995440495362e-06,35845122,17959066,35611154,5641
748,Hibiscus_tea,Teas,Herbal teas,183260,genbank,species,183260,Eukaryota,Streptophyta,Magnoliopsida,Malvales,Malvaceae,Hibiscus,Hibiscus sabdariffa,Hibiscus sabdariffa,species,124,157,7122,k__Eukaryota;p__Streptophyta;c__Magnoliopsida;o__Malvales;f__Malvaceae;g__Hibiscus;s__Hibiscus sabdariffa,2759;35493;3398;41938;3629;47605;183260,4.37995440495362e-06,35845122,17959066,35611154,5641
86,Sunflower,Herbs and Spices,Oilseed crops,4232,genbank,species,4232,Eukaryota,Streptophyta,Magnoliopsida,Asterales,Asteraceae,Helianthus,Helianthus annuus,Helianthus annuus,species,62,158,7122,k__Eukaryota;p__Streptophyta;c__Magnoliopsida;o__Asterales;f__Asteraceae;g__Helianthus;s__Helianthus annuus,2759;35493;3398;4209;4210;4231;4232,4.40785220371129e-06,35845122,17959066,35611154,5641
131,Parsley,Herbs and Spices,Herbs,4043,genbank,species,4043,Eukaryota,Streptophyta,Magnoliopsida,Apiales,Apiaceae,Petroselinum,Petroselinum crispum,Petroselinum crispum,species,11,24,7122,k__Eukaryota;p__Streptophyta;c__Magnoliopsida;o__Apiales;f__Apiaceae;g__Petroselinum;s__Petroselinum crispum,2759;35493;3398;4036;4037;4042;4043,6.69547170183993e-07,35845122,17959066,35611154,5641
22,Oat,Cereals and cereal products,Cereals,4498,genbank,species,4498,Eukaryota,Streptophyta,Magnoliopsida,Poales,Poaceae,Avena,Avena sativa,Avena sativa,species,169,197,7122,k__Eukaryota;p__Streptophyta;c__Magnoliopsida;o__Poales;f__Poaceae;g__Avena;s__Avena sativa,2759;35493;3398;38820;4479;4496;4498,5.49586635526028e-06,35845122,17959066,35611154,5641
187,Common wheat,Cereals and cereal products,Cereals,4565,genbank,species,4565,Eukaryota,Streptophyta,Magnoliopsida,Poales,Poaceae,Triticum,Triticum aestivum,Triticum aestivum,species,43,110,7122,k__Eukaryota;p__Streptophyta;c__Magnoliopsida;o__Poales;f__Poaceae;g__Triticum;s__Triticum aestivum,2759;35493;3398;38820;4479;4564;4565,3.0687578633433e-06,35845122,17959066,35611154,5641
465,Atlantic salmon,Aquatic foods,Fishes,8030,genbank,species,8030,Eukaryota,Chordata,Actinopteri,Salmoniformes,Salmonidae,Salmo,Salmo salar,Salmo salar,species,48,121,7105,k__Eukaryota;p__Chordata;c__Actinopteri;o__Salmoniformes;f__Salmonidae;g__Salmo;s__Salmo salar,2759;7711;186623;8006;8015;8028;8030,3.35154709906979e-06,36102730,18398026,35096377,5007
471,Pacific_sardine,Aquatic foods,Fishes,28381,genbank,species,28381,Eukaryota,Chordata,Actinopteri,Clupeiformes,Clupeidae,Sardinops,Sardinops sagax,Sardinops sagax,species,12,31,7105,k__Eukaryota;p__Chordata;c__Actinopteri;o__Clupeiformes;f__Clupeidae;g__Sardinops;s__Sardinops sagax,2759;7711;186623;32446;55118;28380;28381,8.5866082703441e-07,36102730,18398026,35096377,5007
83,Strawberry,Fruits,Berries,3747,genbank,species,3747,Eukaryota,Streptophyta,Magnoliopsida,Rosales,Rosaceae,Fragaria,Fragaria x ananassa,Fragaria x ananassa,species,34,73,7105,k__Eukaryota;p__Streptophyta;c__Magnoliopsida;o__Rosales;f__Rosaceae;g__Fragaria;s__Fragaria x ananassa,2759;35493;3398;3744;3745;3746;3747,2.02200775398426e-06,36102730,18398026,35096377,5007
321,Butternut squash,Gourds,Gourds,3662,genbank,species,3662,Eukaryota,Streptophyta,Magnoliopsida,Cucurbitales,Cucurbitaceae,Cucurbita,Cucurbita moschata,Cucurbita moschata,species,12,49,7105,k__Eukaryota;p__Streptophyta;c__Magnoliopsida;o__Cucurbitales;f__Cucurbitaceae;g__Cucurbita;s__Cucurbita moschata,2759;35493;3398;71239;3650;3660;3662,1.35723808144149e-06,36102730,18398026,35096377,5007
94,Juglans regia,Nuts,Nuts,51240,genbank,species,51240,Eukaryota,Streptophyta,Magnoliopsida,Fagales,Juglandaceae,Juglans,Juglans regia,Juglans regia,species,15,154,7105,k__Eukaryota;p__Streptophyta;c__Magnoliopsida;o__Fagales;f__Juglandaceae;g__Juglans;s__Juglans regia,2759;35493;3398;3502;16714;16718;51240,4.2656053988161e-06,36102730,18398026,35096377,5007
457,Roselle_(plant),Herbs and Spices,Herbs,183260,genbank,species,183260,Eukaryota,Streptophyta,Magnoliopsida,Malvales,Malvaceae,Hibiscus,Hibiscus sabdariffa,Hibiscus sabdariffa,species,81,258,7105,k__Eukaryota;p__Streptophyta;c__Magnoliopsida;o__Malvales;f__Malvaceae;g__Hibiscus;s__Hibiscus sabdariffa,2759;35493;3398;41938;3629;47605;183260,7.14627397983477e-06,36102730,18398026,35096377,5007
748,Hibiscus_tea,Teas,Herbal teas,183260,genbank,species,183260,Eukaryota,Streptophyta,Magnoliopsida,Malvales,Malvaceae,Hibiscus,Hibiscus sabdariffa,Hibiscus sabdariffa,species,81,258,7105,k__Eukaryota;p__Streptophyta;c__Magnoliopsida;o__Malvales;f__Malvaceae;g__Hibiscus;s__Hibiscus sabdariffa,2759;35493;3398;41938;3629;47605;183260,7.14627397983477e-06,36102730,18398026,35096377,5007
182,Cocoa_bean,Cocoa and cocoa products,Cocoa,3641,genbank,species,3641,Eukaryota,Streptophyta,Magnoliopsida,Malvales,Malvaceae,Theobroma,Theobroma cacao,Theobroma cacao,species,21,102,7105,k__Eukaryota;p__Streptophyta;c__Magnoliopsida;o__Malvales;f__Malvaceae;g__Theobroma;s__Theobroma cacao,2759;35493;3398;41938;3629;3640;3641,2.82527110830677e-06,36102730,18398026,35096377,5007
187,Common wheat,Cereals and cereal products,Cereals,4565,genbank,species,4565,Eukaryota,Streptophyta,Magnoliopsida,Poales,Poaceae,Triticum,Triticum aestivum,Triticum aestivum,species,39,127,7105,k__Eukaryota;p__Streptophyta;c__Magnoliopsida;o__Poales;f__Poaceae;g__Triticum;s__Triticum aestivum,2759;35493;3398;38820;4479;4564;4565,3.51773951720549e-06,36102730,18398026,35096377,5007
208,Banana,Fruits,Tropical fruits,4641,genbank,species,4641,Eukaryota,Streptophyta,Magnoliopsida,Zingiberales,Musaceae,Musa,Musa acuminata,Musa acuminata,species,23,127,7105,k__Eukaryota;p__Streptophyta;c__Magnoliopsida;o__Zingiberales;f__Musaceae;g__Musa;s__Musa acuminata,2759;35493;3398;4618;4637;4640;4641,3.51773951720549e-06,36102730,18398026,35096377,5007
6,Onion,Vegetables,Onion-family vegetables,4679,genbank,species,4679,Eukaryota,Streptophyta,Magnoliopsida,Asparagales,Amaryllidaceae,Allium,Allium cepa,Allium cepa,species,15,28,7105,k__Eukaryota;p__Streptophyta;c__Magnoliopsida;o__Asparagales;f__Amaryllidaceae;g__Allium;s__Allium cepa,2759;35493;3398;73496;4668;4678;4679,7.75564617966564e-07,36102730,18398026,35096377,5007
226,"",Vegetables,Onion-family vegetables,4679,genbank,species,4679,Eukaryota,Streptophyta,Magnoliopsida,Asparagales,Amaryllidaceae,Allium,Allium cepa,Allium cepa,species,15,28,7105,k__Eukaryota;p__Streptophyta;c__Magnoliopsida;o__Asparagales;f__Amaryllidaceae;g__Allium;s__Allium cepa,2759;35493;3398;73496;4668;4678;4679,7.75564617966564e-07,36102730,18398026,35096377,5007
8,Garlic,Herbs and Spices,Herbs,4682,genbank,species,4682,Eukaryota,Streptophyta,Magnoliopsida,Asparagales,Amaryllidaceae,Allium,Allium sativum,Allium sativum,species,10,25,7105,k__Eukaryota;p__Streptophyta;c__Magnoliopsida;o__Asparagales;f__Amaryllidaceae;g__Allium;s__Allium sativum,2759;35493;3398;73496;4668;4678;4682,6.92468408898718e-07,36102730,18398026,35096377,5007
880,Garlic,Herbs and Spices,Herbs,4682,genbank,species,4682,Eukaryota,Streptophyta,Magnoliopsida,Asparagales,Amaryllidaceae,Allium,Allium sativum,Allium sativum,species,10,25,7105,k__Eukaryota;p__Streptophyta;c__Magnoliopsida;o__Asparagales;f__Amaryllidaceae;g__Allium;s__Allium sativum,2759;35493;3398;73496;4668;4678;4682,6.92468408898718e-07,36102730,18398026,35096377,5007
457,Roselle_(plant),Herbs and Spices,Herbs,183260,genbank,species,183260,Eukaryota,Streptophyta,Magnoliopsida,Malvales,Malvaceae,Hibiscus,Hibiscus sabdariffa,Hibiscus sabdariffa,species,248,442,7113,k__Eukaryota;p__Streptophyta;c__Magnoliopsida;o__Malvales;f__Malvaceae;g__Hibiscus;s__Hibiscus sabdariffa,2759;35493;3398;41938;3629;47605;183260,1.17982534954595e-05,37463172,22079555,37017128,9214
748,Hibiscus_tea,Teas,Herbal teas,183260,genbank,species,183260,Eukaryota,Streptophyta,Magnoliopsida,Malvales,Malvaceae,Hibiscus,Hibiscus sabdariffa,Hibiscus sabdariffa,species,248,442,7113,k__Eukaryota;p__Streptophyta;c__Magnoliopsida;o__Malvales;f__Malvaceae;g__Hibiscus;s__Hibiscus sabdariffa,2759;35493;3398;41938;3629;47605;183260,1.17982534954595e-05,37463172,22079555,37017128,9214
182,Cocoa_bean,Cocoa and cocoa products,Cocoa,3641,genbank,species,3641,Eukaryota,Streptophyta,Magnoliopsida,Malvales,Malvaceae,Theobroma,Theobroma cacao,Theobroma cacao,species,27,83,7113,k__Eukaryota;p__Streptophyta;c__Magnoliopsida;o__Malvales;f__Malvaceae;g__Theobroma;s__Theobroma cacao,2759;35493;3398;41938;3629;3640;3641,2.21550914055008e-06,37463172,22079555,37017128,9214
187,Common wheat,Cereals and cereal products,Cereals,4565,genbank,species,4565,Eukaryota,Streptophyta,Magnoliopsida,Poales,Poaceae,Triticum,Triticum aestivum,Triticum aestivum,species,12,45,7113,k__Eukaryota;p__Streptophyta;c__Magnoliopsida;o__Poales;f__Poaceae;g__Triticum;s__Triticum aestivum,2759;35493;3398;38820;4479;4564;4565,1.20117965451511e-06,37463172,22079555,37017128,9214
8,Garlic,Herbs and Spices,Herbs,4682,genbank,species,4682,Eukaryota,Streptophyta,Magnoliopsida,Asparagales,Amaryllidaceae,Allium,Allium sativum,Allium sativum,species,12,31,7113,k__Eukaryota;p__Streptophyta;c__Magnoliopsida;o__Asparagales;f__Amaryllidaceae;g__Allium;s__Allium sativum,2759;35493;3398;73496;4668;4678;4682,8.27479317554851e-07,37463172,22079555,37017128,9214
880,Garlic,Herbs and Spices,Herbs,4682,genbank,species,4682,Eukaryota,Streptophyta,Magnoliopsida,Asparagales,Amaryllidaceae,Allium,Allium sativum,Allium sativum,species,12,31,7113,k__Eukaryota;p__Streptophyta;c__Magnoliopsida;o__Asparagales;f__Amaryllidaceae;g__Allium;s__Allium sativum,2759;35493;3398;73496;4668;4678;4682,8.27479317554851e-07,37463172,22079555,37017128,9214
310,Wild boar,Animal foods,Swine,9823,genbank,species,9823,Eukaryota,Chordata,Mammalia,Artiodactyla,Suidae,Sus,Sus scrofa,Sus scrofa,species,10,13,7116,k__Eukaryota;p__Chordata;c__Mammalia;o__Artiodactyla;f__Suidae;g__Sus;s__Sus scrofa,2759;7711;40674;91561;9821;9822;9823,3.08012334330235e-07,42206102,28210480,42194423,1428
549,Domestic pig,Animal foods,Swine,9825,genbank,species,9823,Eukaryota,Chordata,Mammalia,Artiodactyla,Suidae,Sus,Sus scrofa,Sus scrofa,species,10,13,7116,k__Eukaryota;p__Chordata;c__Mammalia;o__Artiodactyla;f__Suidae;g__Sus;s__Sus scrofa,2759;7711;40674;91561;9821;9822;9823,3.08012334330235e-07,42206102,28210480,42194423,1428
457,Roselle_(plant),Herbs and Spices,Herbs,183260,genbank,species,183260,Eukaryota,Streptophyta,Magnoliopsida,Malvales,Malvaceae,Hibiscus,Hibiscus sabdariffa,Hibiscus sabdariffa,species,174,369,7116,k__Eukaryota;p__Streptophyta;c__Magnoliopsida;o__Malvales;f__Malvaceae;g__Hibiscus;s__Hibiscus sabdariffa,2759;35493;3398;41938;3629;47605;183260,8.74281164368129e-06,42206102,28210480,42194423,1428
748,Hibiscus_tea,Teas,Herbal teas,183260,genbank,species,183260,Eukaryota,Streptophyta,Magnoliopsida,Malvales,Malvaceae,Hibiscus,Hibiscus sabdariffa,Hibiscus sabdariffa,species,174,369,7116,k__Eukaryota;p__Streptophyta;c__Magnoliopsida;o__Malvales;f__Malvaceae;g__Hibiscus;s__Hibiscus sabdariffa,2759;35493;3398;41938;3629;47605;183260,8.74281164368129e-06,42206102,28210480,42194423,1428
15,Wild celery,Herbs and Spices,Spices,4045,genbank,species,4045,Eukaryota,Streptophyta,Magnoliopsida,Apiales,Apiaceae,Apium,Apium graveolens,Apium graveolens,species,25,75,7116,k__Eukaryota;p__Streptophyta;c__Magnoliopsida;o__Apiales;f__Apiaceae;g__Apium;s__Apium graveolens,2759;35493;3398;4036;4037;4044;4045,1.77699423652059e-06,42206102,28210480,42194423,1428
214,Celeriac,Vegetables,Root vegetables,278110,genbank,species,4045,Eukaryota,Streptophyta,Magnoliopsida,Apiales,Apiaceae,Apium,Apium graveolens,Apium graveolens,species,25,75,7116,k__Eukaryota;p__Streptophyta;c__Magnoliopsida;o__Apiales;f__Apiaceae;g__Apium;s__Apium graveolens,2759;35493;3398;4036;4037;4044;4045,1.77699423652059e-06,42206102,28210480,42194423,1428
215,Apium_graveolens,Vegetables,Stalk vegetables,117781,genbank,species,4045,Eukaryota,Streptophyta,Magnoliopsida,Apiales,Apiaceae,Apium,Apium graveolens,Apium graveolens,species,25,75,7116,k__Eukaryota;p__Streptophyta;c__Magnoliopsida;o__Apiales;f__Apiaceae;g__Apium;s__Apium graveolens,2759;35493;3398;4036;4037;4044;4045,1.77699423652059e-06,42206102,28210480,42194423,1428
249,Apium_graveolens_var._secalinum,Herbs and Spices,Herbs,941588,genbank,species,4045,Eukaryota,Streptophyta,Magnoliopsida,Apiales,Apiaceae,Apium,Apium graveolens,Apium graveolens,species,25,75,7116,k__Eukaryota;p__Streptophyta;c__Magnoliopsida;o__Apiales;f__Apiaceae;g__Apium;s__Apium graveolens,2759;35493;3398;4036;4037;4044;4045,1.77699423652059e-06,42206102,28210480,42194423,1428
82,Fennel,Herbs and Spices,Herbs,48038,genbank,species,2849586,Eukaryota,Streptophyta,Magnoliopsida,Apiales,Apiaceae,Anethum,Anethum foeniculum,Anethum foeniculum,species,15,69,7116,k__Eukaryota;p__Streptophyta;c__Magnoliopsida;o__Apiales;f__Apiaceae;g__Anethum;s__Anethum foeniculum,2759;35493;3398;4036;4037;40921;2849586,1.63483469759894e-06,42206102,28210480,42194423,1428
178,Spinach,Vegetables,Leaf vegetables,3562,genbank,species,3562,Eukaryota,Streptophyta,Magnoliopsida,Caryophyllales,Chenopodiaceae,Spinacia,Spinacia oleracea,Spinacia oleracea,species,17,36,7116,k__Eukaryota;p__Streptophyta;c__Magnoliopsida;o__Caryophyllales;f__Chenopodiaceae;g__Spinacia;s__Spinacia oleracea,2759;35493;3398;3524;1804623;3561;3562,8.52957233529882e-07,42206102,28210480,42194423,1428
310,Wild boar,Animal foods,Swine,9823,genbank,species,9823,Eukaryota,Chordata,Mammalia,Artiodactyla,Suidae,Sus,Sus scrofa,Sus scrofa,species,22,26,7126,k__Eukaryota;p__Chordata;c__Mammalia;o__Artiodactyla;f__Suidae;g__Sus;s__Sus scrofa,2759;7711;40674;91561;9821;9822;9823,6.04662777940804e-07,42999174,26497426,42990836,6072
549,Domestic pig,Animal foods,Swine,9825,genbank,species,9823,Eukaryota,Chordata,Mammalia,Artiodactyla,Suidae,Sus,Sus scrofa,Sus scrofa,species,22,26,7126,k__Eukaryota;p__Chordata;c__Mammalia;o__Artiodactyla;f__Suidae;g__Sus;s__Sus scrofa,2759;7711;40674;91561;9821;9822;9823,6.04662777940804e-07,42999174,26497426,42990836,6072
334,Chicken,Animal foods,Poultry,9031,genbank,species,9031,Eukaryota,Chordata,Aves,Galliformes,Phasianidae,Gallus,Gallus gallus,Gallus gallus,species,18,24,7126,k__Eukaryota;p__Chordata;c__Aves;o__Galliformes;f__Phasianidae;g__Gallus;s__Gallus gallus,2759;7711;8782;8976;9005;9030;9031,5.58150256560742e-07,42999174,26497426,42990836,6072
187,Common wheat,Cereals and cereal products,Cereals,4565,genbank,species,4565,Eukaryota,Streptophyta,Magnoliopsida,Poales,Poaceae,Triticum,Triticum aestivum,Triticum aestivum,species,530,1083,7126,k__Eukaryota;p__Streptophyta;c__Magnoliopsida;o__Poales;f__Poaceae;g__Triticum;s__Triticum aestivum,2759;35493;3398;38820;4479;4564;4565,2.51865303273035e-05,42999174,26497426,42990836,6072
22,Oat,Cereals and cereal products,Cereals,4498,genbank,species,4498,Eukaryota,Streptophyta,Magnoliopsida,Poales,Poaceae,Avena,Avena sativa,Avena sativa,species,20,23,7126,k__Eukaryota;p__Streptophyta;c__Magnoliopsida;o__Poales;f__Poaceae;g__Avena;s__Avena sativa,2759;35493;3398;38820;4479;4496;4498,5.34893995870711e-07,42999174,26497426,42990836,6072
205,Corn,Cereals and cereal products,Cereals,4577,genbank,species,4577,Eukaryota,Streptophyta,Magnoliopsida,Poales,Poaceae,Zea,Zea mays,Zea mays,species,25,70,7126,k__Eukaryota;p__Streptophyta;c__Magnoliopsida;o__Poales;f__Poaceae;g__Zea;s__Zea mays,2759;35493;3398;38820;4479;4575;4577,1.62793824830217e-06,42999174,26497426,42990836,6072
457,Roselle_(plant),Herbs and Spices,Herbs,183260,genbank,species,183260,Eukaryota,Streptophyta,Magnoliopsida,Malvales,Malvaceae,Hibiscus,Hibiscus sabdariffa,Hibiscus sabdariffa,species,71,113,7126,k__Eukaryota;p__Streptophyta;c__Magnoliopsida;o__Malvales;f__Malvaceae;g__Hibiscus;s__Hibiscus sabdariffa,2759;35493;3398;41938;3629;47605;183260,2.6279574579735e-06,42999174,26497426,42990836,6072
748,Hibiscus_tea,Teas,Herbal teas,183260,genbank,species,183260,Eukaryota,Streptophyta,Magnoliopsida,Malvales,Malvaceae,Hibiscus,Hibiscus sabdariffa,Hibiscus sabdariffa,species,71,113,7126,k__Eukaryota;p__Streptophyta;c__Magnoliopsida;o__Malvales;f__Malvaceae;g__Hibiscus;s__Hibiscus sabdariffa,2759;35493;3398;41938;3629;47605;183260,2.6279574579735e-06,42999174,26497426,42990836,6072
48,Endive,Vegetables,Leaf vegetables,114280,genbank,species,114280,Eukaryota,Streptophyta,Magnoliopsida,Asterales,Asteraceae,Cichorium,Cichorium endivia,Cichorium endivia,species,12,75,7126,k__Eukaryota;p__Streptophyta;c__Magnoliopsida;o__Asterales;f__Asteraceae;g__Cichorium;s__Cichorium endivia,2759;35493;3398;4209;4210;13426;114280,1.74421955175232e-06,42999174,26497426,42990836,6072
457,Roselle_(plant),Herbs and Spices,Herbs,183260,genbank,species,183260,Eukaryota,Streptophyta,Magnoliopsida,Malvales,Malvaceae,Hibiscus,Hibiscus sabdariffa,Hibiscus sabdariffa,species,11,212,7104,k__Eukaryota;p__Streptophyta;c__Magnoliopsida;o__Malvales;f__Malvaceae;g__Hibiscus;s__Hibiscus sabdariffa,2759;35493;3398;41938;3629;47605;183260,4.75054783676186e-06,44626432,28441733,44610646,1214
748,Hibiscus_tea,Teas,Herbal teas,183260,genbank,species,183260,Eukaryota,Streptophyta,Magnoliopsida,Malvales,Malvaceae,Hibiscus,Hibiscus sabdariffa,Hibiscus sabdariffa,species,11,212,7104,k__Eukaryota;p__Streptophyta;c__Magnoliopsida;o__Malvales;f__Malvaceae;g__Hibiscus;s__Hibiscus sabdariffa,2759;35493;3398;41938;3629;47605;183260,4.75054783676186e-06,44626432,28441733,44610646,1214
457,Roselle_(plant),Herbs and Spices,Herbs,183260,genbank,species,183260,Eukaryota,Streptophyta,Magnoliopsida,Malvales,Malvaceae,Hibiscus,Hibiscus sabdariffa,Hibiscus sabdariffa,species,142,334,7128,k__Eukaryota;p__Streptophyta;c__Magnoliopsida;o__Malvales;f__Malvaceae;g__Hibiscus;s__Hibiscus sabdariffa,2759;35493;3398;41938;3629;47605;183260,5.73421340575656e-06,58246873,31695209,58245240,1138
748,Hibiscus_tea,Teas,Herbal teas,183260,genbank,species,183260,Eukaryota,Streptophyta,Magnoliopsida,Malvales,Malvaceae,Hibiscus,Hibiscus sabdariffa,Hibiscus sabdariffa,species,142,334,7128,k__Eukaryota;p__Streptophyta;c__Magnoliopsida;o__Malvales;f__Malvaceae;g__Hibiscus;s__Hibiscus sabdariffa,2759;35493;3398;41938;3629;47605;183260,5.73421340575656e-06,58246873,31695209,58245240,1138
187,Common wheat,Cereals and cereal products,Cereals,4565,genbank,species,4565,Eukaryota,Streptophyta,Magnoliopsida,Poales,Poaceae,Triticum,Triticum aestivum,Triticum aestivum,species,12,57,7128,k__Eukaryota;p__Streptophyta;c__Magnoliopsida;o__Poales;f__Poaceae;g__Triticum;s__Triticum aestivum,2759;35493;3398;38820;4479;4564;4565,9.78593305772827e-07,58246873,31695209,58245240,1138
887,Brassica,Vegetables,Brassicas,3705,genbank,genus,3705,Eukaryota,Streptophyta,Magnoliopsida,Brassicales,Brassicaceae,Brassica,"",Brassica,genus,24,87,7124,k__Eukaryota;p__Streptophyta;c__Magnoliopsida;o__Brassicales;f__Brassicaceae;g__Brassica;s__,2759;35493;3398;3699;3700;3705;,3.45023455051395e-06,25215677,15921688,24245649,5919
233,Capsicum,Vegetables,Fruit vegetables,4071,genbank,genus,4071,Eukaryota,Streptophyta,Magnoliopsida,Solanales,Solanaceae,Capsicum,"",Capsicum,genus,14,20,7124,k__Eukaryota;p__Streptophyta;c__Magnoliopsida;o__Solanales;f__Solanaceae;g__Capsicum;s__,2759;35493;3398;4069;4070;4071;,7.93157367934242e-07,25215677,15921688,24245649,5919
138,Pine nut,Nuts,Nuts,3337,genbank,genus,3337,Eukaryota,Streptophyta,Pinopsida,Pinales,Pinaceae,Pinus,"",Pinus,genus,16,17,7124,k__Eukaryota;p__Streptophyta;c__Pinopsida;o__Pinales;f__Pinaceae;g__Pinus;s__,2759;35493;58019;1446380;3318;3337;,6.74183762744106e-07,25215677,15921688,24245649,5919
441,Colorado_Pinyon,Nuts,Nuts,3340,genbank,genus,3337,Eukaryota,Streptophyta,Pinopsida,Pinales,Pinaceae,Pinus,Pinus edulis,Pinus,genus,16,17,7124,k__Eukaryota;p__Streptophyta;c__Pinopsida;o__Pinales;f__Pinaceae;g__Pinus;s__,2759;35493;58019;1446380;3318;3337;,6.74183762744106e-07,25215677,15921688,24245649,5919
138,Pine nut,Nuts,Nuts,3337,genbank,genus,3337,Eukaryota,Streptophyta,Pinopsida,Pinales,Pinaceae,Pinus,"",Pinus,genus,16,44,7101,k__Eukaryota;p__Streptophyta;c__Pinopsida;o__Pinales;f__Pinaceae;g__Pinus;s__,2759;35493;58019;1446380;3318;3337;,2.92144577570892e-06,15061036,9035958,15001347,1018
441,Colorado_Pinyon,Nuts,Nuts,3340,genbank,genus,3337,Eukaryota,Streptophyta,Pinopsida,Pinales,Pinaceae,Pinus,Pinus edulis,Pinus,genus,16,44,7101,k__Eukaryota;p__Streptophyta;c__Pinopsida;o__Pinales;f__Pinaceae;g__Pinus;s__,2759;35493;58019;1446380;3318;3337;,2.92144577570892e-06,15061036,9035958,15001347,1018
287,Alfalfa,Herbs and Spices,Herbs,3879,genbank,genus,3877,Eukaryota,Streptophyta,Magnoliopsida,Fabales,Fabaceae,Medicago,Medicago sativa,Medicago,genus,18,94,7125,k__Eukaryota;p__Streptophyta;c__Magnoliopsida;o__Fabales;f__Fabaceae;g__Medicago;s__,2759;35493;3398;72025;3803;3877;,5.3966869164904e-06,17418094,9181912,16662502,6646
233,Capsicum,Vegetables,Fruit vegetables,4071,genbank,genus,4071,Eukaryota,Streptophyta,Magnoliopsida,Solanales,Solanaceae,Capsicum,"",Capsicum,genus,12,17,7125,k__Eukaryota;p__Streptophyta;c__Magnoliopsida;o__Solanales;f__Solanaceae;g__Capsicum;s__,2759;35493;3398;4069;4070;4071;,9.75996570003584e-07,17418094,9181912,16662502,6646
138,Pine nut,Nuts,Nuts,3337,genbank,genus,3337,Eukaryota,Streptophyta,Pinopsida,Pinales,Pinaceae,Pinus,"",Pinus,genus,24,31,7125,k__Eukaryota;p__Streptophyta;c__Pinopsida;o__Pinales;f__Pinaceae;g__Pinus;s__,2759;35493;58019;1446380;3318;3337;,1.77975845118301e-06,17418094,9181912,16662502,6646
441,Colorado_Pinyon,Nuts,Nuts,3340,genbank,genus,3337,Eukaryota,Streptophyta,Pinopsida,Pinales,Pinaceae,Pinus,Pinus edulis,Pinus,genus,24,31,7125,k__Eukaryota;p__Streptophyta;c__Pinopsida;o__Pinales;f__Pinaceae;g__Pinus;s__,2759;35493;58019;1446380;3318;3337;,1.77975845118301e-06,17418094,9181912,16662502,6646
374,Grape,Fruits,Berries,3603,genbank,genus,3603,Eukaryota,Streptophyta,Magnoliopsida,Vitales,Vitaceae,Vitis,"",Vitis,genus,10,10,7112,k__Eukaryota;p__Streptophyta;c__Magnoliopsida;o__Vitales;f__Vitaceae;g__Vitis;s__,2759;35493;3398;403667;3602;3603;,3.99523512278316e-07,25029816,12058546,24982387,4314
233,Capsicum,Vegetables,Fruit vegetables,4071,genbank,genus,4071,Eukaryota,Streptophyta,Magnoliopsida,Solanales,Solanaceae,Capsicum,"",Capsicum,genus,22,28,7112,k__Eukaryota;p__Streptophyta;c__Magnoliopsida;o__Solanales;f__Solanaceae;g__Capsicum;s__,2759;35493;3398;4069;4070;4071;,1.11866583437929e-06,25029816,12058546,24982387,4314
138,Pine nut,Nuts,Nuts,3337,genbank,genus,3337,Eukaryota,Streptophyta,Pinopsida,Pinales,Pinaceae,Pinus,"",Pinus,genus,12,13,7112,k__Eukaryota;p__Streptophyta;c__Pinopsida;o__Pinales;f__Pinaceae;g__Pinus;s__,2759;35493;58019;1446380;3318;3337;,5.19380565961811e-07,25029816,12058546,24982387,4314
441,Colorado_Pinyon,Nuts,Nuts,3340,genbank,genus,3337,Eukaryota,Streptophyta,Pinopsida,Pinales,Pinaceae,Pinus,Pinus edulis,Pinus,genus,12,13,7112,k__Eukaryota;p__Streptophyta;c__Pinopsida;o__Pinales;f__Pinaceae;g__Pinus;s__,2759;35493;58019;1446380;3318;3337;,5.19380565961811e-07,25029816,12058546,24982387,4314
233,Capsicum,Vegetables,Fruit vegetables,4071,genbank,genus,4071,Eukaryota,Streptophyta,Magnoliopsida,Solanales,Solanaceae,Capsicum,"",Capsicum,genus,10,53,7102,k__Eukaryota;p__Streptophyta;c__Magnoliopsida;o__Solanales;f__Solanaceae;g__Capsicum;s__,2759;35493;3398;4069;4070;4071;,1.84123125426827e-06,28785086,15106191,28770778,7213
138,Pine nut,Nuts,Nuts,3337,genbank,genus,3337,Eukaryota,Streptophyta,Pinopsida,Pinales,Pinaceae,Pinus,"",Pinus,genus,13,22,7102,k__Eukaryota;p__Streptophyta;c__Pinopsida;o__Pinales;f__Pinaceae;g__Pinus;s__,2759;35493;58019;1446380;3318;3337;,7.64284671583055e-07,28785086,15106191,28770778,7213
441,Colorado_Pinyon,Nuts,Nuts,3340,genbank,genus,3337,Eukaryota,Streptophyta,Pinopsida,Pinales,Pinaceae,Pinus,Pinus edulis,Pinus,genus,13,22,7102,k__Eukaryota;p__Streptophyta;c__Pinopsida;o__Pinales;f__Pinaceae;g__Pinus;s__,2759;35493;58019;1446380;3318;3337;,7.64284671583055e-07,28785086,15106191,28770778,7213
138,Pine nut,Nuts,Nuts,3337,genbank,genus,3337,Eukaryota,Streptophyta,Pinopsida,Pinales,Pinaceae,Pinus,"",Pinus,genus,15,38,7107,k__Eukaryota;p__Streptophyta;c__Pinopsida;o__Pinales;f__Pinaceae;g__Pinus;s__,2759;35493;58019;1446380;3318;3337;,1.4846534305125e-06,25595199,13720703,25564175,1701
441,Colorado_Pinyon,Nuts,Nuts,3340,genbank,genus,3337,Eukaryota,Streptophyta,Pinopsida,Pinales,Pinaceae,Pinus,Pinus edulis,Pinus,genus,15,38,7107,k__Eukaryota;p__Streptophyta;c__Pinopsida;o__Pinales;f__Pinaceae;g__Pinus;s__,2759;35493;58019;1446380;3318;3337;,1.4846534305125e-06,25595199,13720703,25564175,1701
396,Kelp,Aquatic foods,Seaweed,33637,genbank,genus,33637,Eukaryota,"",Phaeophyceae,Laminariales,Laminariaceae,Laminaria,"",Laminaria,genus,22,22,7114,k__Eukaryota;p__;c__Phaeophyceae;o__Laminariales;f__Laminariaceae;g__Laminaria;s__,2759;;2870;2886;33636;33637;,7.78505822268112e-07,28259262,15011140,27920378,2983
887,Brassica,Vegetables,Brassicas,3705,genbank,genus,3705,Eukaryota,Streptophyta,Magnoliopsida,Brassicales,Brassicaceae,Brassica,"",Brassica,genus,14,110,7111,k__Eukaryota;p__Streptophyta;c__Magnoliopsida;o__Brassicales;f__Brassicaceae;g__Brassica;s__,2759;35493;3398;3699;3700;3705;,2.77527631470957e-06,39635693,22401056,39623665,1971
195,Vanilla,Herbs and Spices,Spices,51238,genbank,genus,51238,Eukaryota,Streptophyta,Magnoliopsida,Asparagales,Orchidaceae,Vanilla,"",Vanilla,genus,23,51,7108,k__Eukaryota;p__Streptophyta;c__Magnoliopsida;o__Asparagales;f__Orchidaceae;g__Vanilla;s__,2759;35493;3398;73496;4747;51238;,1.26380533869041e-06,40354316,20748768,40310282,1814
105,Apple,Fruits,Pomes,283210,genbank,genus,3749,Eukaryota,Streptophyta,Magnoliopsida,Rosales,Rosaceae,Malus,Malus pumila,Malus,genus,27,60,7118,k__Eukaryota;p__Streptophyta;c__Magnoliopsida;o__Rosales;f__Rosaceae;g__Malus;s__,2759;35493;3398;3744;3745;3749;,1.47821688511468e-06,40589443,20734442,40585987,1599
348,Malus,Fruits,Pomes,3749,genbank,genus,3749,Eukaryota,Streptophyta,Magnoliopsida,Rosales,Rosaceae,Malus,"",Malus,genus,27,60,7118,k__Eukaryota;p__Streptophyta;c__Magnoliopsida;o__Rosales;f__Rosaceae;g__Malus;s__,2759;35493;3398;3744;3745;3749;,1.47821688511468e-06,40589443,20734442,40585987,1599
347,Vigna_unguiculata_subsp._cylindrica,Pulses,Peas,3840,genbank,genus,3913,Eukaryota,Streptophyta,Magnoliopsida,Fabales,Fabaceae,Vigna,Vigna cylindrica,Vigna,genus,15,23,7106,k__Eukaryota;p__Streptophyta;c__Magnoliopsida;o__Fabales;f__Fabaceae;g__Vigna;s__,2759;35493;3398;72025;3803;3913;,5.69357736005899e-07,40396395,22145004,40381706,1799
416,Moth bean,Pulses,Beans,3918,genbank,genus,3913,Eukaryota,Streptophyta,Magnoliopsida,Fabales,Fabaceae,Vigna,Vigna aconitifolia,Vigna,genus,15,23,7106,k__Eukaryota;p__Streptophyta;c__Magnoliopsida;o__Fabales;f__Fabaceae;g__Vigna;s__,2759;35493;3398;72025;3803;3913;,5.69357736005899e-07,40396395,22145004,40381706,1799
233,Capsicum,Vegetables,Fruit vegetables,4071,genbank,genus,4071,Eukaryota,Streptophyta,Magnoliopsida,Solanales,Solanaceae,Capsicum,"",Capsicum,genus,17,45,7106,k__Eukaryota;p__Streptophyta;c__Magnoliopsida;o__Solanales;f__Solanaceae;g__Capsicum;s__,2759;35493;3398;4069;4070;4071;,1.11396078783763e-06,40396395,22145004,40381706,1799
138,Pine nut,Nuts,Nuts,3337,genbank,genus,3337,Eukaryota,Streptophyta,Pinopsida,Pinales,Pinaceae,Pinus,"",Pinus,genus,14,25,7106,k__Eukaryota;p__Streptophyta;c__Pinopsida;o__Pinales;f__Pinaceae;g__Pinus;s__,2759;35493;58019;1446380;3318;3337;,6.18867104354238e-07,40396395,22145004,40381706,1799
441,Colorado_Pinyon,Nuts,Nuts,3340,genbank,genus,3337,Eukaryota,Streptophyta,Pinopsida,Pinales,Pinaceae,Pinus,Pinus edulis,Pinus,genus,14,25,7106,k__Eukaryota;p__Streptophyta;c__Pinopsida;o__Pinales;f__Pinaceae;g__Pinus;s__,2759;35493;58019;1446380;3318;3337;,6.18867104354238e-07,40396395,22145004,40381706,1799
138,Pine nut,Nuts,Nuts,3337,genbank,genus,3337,Eukaryota,Streptophyta,Pinopsida,Pinales,Pinaceae,Pinus,"",Pinus,genus,18,21,7121,k__Eukaryota;p__Streptophyta;c__Pinopsida;o__Pinales;f__Pinaceae;g__Pinus;s__,2759;35493;58019;1446380;3318;3337;,4.90721519299996e-07,42794129,22552367,42733864,1855
441,Colorado_Pinyon,Nuts,Nuts,3340,genbank,genus,3337,Eukaryota,Streptophyta,Pinopsida,Pinales,Pinaceae,Pinus,Pinus edulis,Pinus,genus,18,21,7121,k__Eukaryota;p__Streptophyta;c__Pinopsida;o__Pinales;f__Pinaceae;g__Pinus;s__,2759;35493;58019;1446380;3318;3337;,4.90721519299996e-07,42794129,22552367,42733864,1855
105,Apple,Fruits,Pomes,283210,genbank,genus,3749,Eukaryota,Streptophyta,Magnoliopsida,Rosales,Rosaceae,Malus,Malus pumila,Malus,genus,30,58,7105,k__Eukaryota;p__Streptophyta;c__Magnoliopsida;o__Rosales;f__Rosaceae;g__Malus;s__,2759;35493;3398;3744;3745;3749;,1.60652670864503e-06,36102730,18398026,35096377,5007
348,Malus,Fruits,Pomes,3749,genbank,genus,3749,Eukaryota,Streptophyta,Magnoliopsida,Rosales,Rosaceae,Malus,"",Malus,genus,30,58,7105,k__Eukaryota;p__Streptophyta;c__Magnoliopsida;o__Rosales;f__Rosaceae;g__Malus;s__,2759;35493;3398;3744;3745;3749;,1.60652670864503e-06,36102730,18398026,35096377,5007
887,Brassica,Vegetables,Brassicas,3705,genbank,genus,3705,Eukaryota,Streptophyta,Magnoliopsida,Brassicales,Brassicaceae,Brassica,"",Brassica,genus,10,24,7105,k__Eukaryota;p__Streptophyta;c__Magnoliopsida;o__Brassicales;f__Brassicaceae;g__Brassica;s__,2759;35493;3398;3699;3700;3705;,6.64769672542769e-07,36102730,18398026,35096377,5007
138,Pine nut,Nuts,Nuts,3337,genbank,genus,3337,Eukaryota,Streptophyta,Pinopsida,Pinales,Pinaceae,Pinus,"",Pinus,genus,14,22,7105,k__Eukaryota;p__Streptophyta;c__Pinopsida;o__Pinales;f__Pinaceae;g__Pinus;s__,2759;35493;58019;1446380;3318;3337;,6.09372199830872e-07,36102730,18398026,35096377,5007
441,Colorado_Pinyon,Nuts,Nuts,3340,genbank,genus,3337,Eukaryota,Streptophyta,Pinopsida,Pinales,Pinaceae,Pinus,Pinus edulis,Pinus,genus,14,22,7105,k__Eukaryota;p__Streptophyta;c__Pinopsida;o__Pinales;f__Pinaceae;g__Pinus;s__,2759;35493;58019;1446380;3318;3337;,6.09372199830872e-07,36102730,18398026,35096377,5007
233,Capsicum,Vegetables,Fruit vegetables,4071,genbank,genus,4071,Eukaryota,Streptophyta,Magnoliopsida,Solanales,Solanaceae,Capsicum,"",Capsicum,genus,12,42,7113,k__Eukaryota;p__Streptophyta;c__Magnoliopsida;o__Solanales;f__Solanaceae;g__Capsicum;s__,2759;35493;3398;4069;4070;4071;,1.12110101088077e-06,37463172,22079555,37017128,9214
195,Vanilla,Herbs and Spices,Spices,51238,genbank,genus,51238,Eukaryota,Streptophyta,Magnoliopsida,Asparagales,Orchidaceae,Vanilla,"",Vanilla,genus,10,16,7113,k__Eukaryota;p__Streptophyta;c__Magnoliopsida;o__Asparagales;f__Orchidaceae;g__Vanilla;s__,2759;35493;3398;73496;4747;51238;,4.27086099383149e-07,37463172,22079555,37017128,9214
138,Pine nut,Nuts,Nuts,3337,genbank,genus,3337,Eukaryota,Streptophyta,Pinopsida,Pinales,Pinaceae,Pinus,"",Pinus,genus,10,15,7113,k__Eukaryota;p__Streptophyta;c__Pinopsida;o__Pinales;f__Pinaceae;g__Pinus;s__,2759;35493;58019;1446380;3318;3337;,4.00393218171702e-07,37463172,22079555,37017128,9214
441,Colorado_Pinyon,Nuts,Nuts,3340,genbank,genus,3337,Eukaryota,Streptophyta,Pinopsida,Pinales,Pinaceae,Pinus,Pinus edulis,Pinus,genus,10,15,7113,k__Eukaryota;p__Streptophyta;c__Pinopsida;o__Pinales;f__Pinaceae;g__Pinus;s__,2759;35493;58019;1446380;3318;3337;,4.00393218171702e-07,37463172,22079555,37017128,9214
887,Brassica,Vegetables,Brassicas,3705,genbank,genus,3705,Eukaryota,Streptophyta,Magnoliopsida,Brassicales,Brassicaceae,Brassica,"",Brassica,genus,12,58,7116,k__Eukaryota;p__Streptophyta;c__Magnoliopsida;o__Brassicales;f__Brassicaceae;g__Brassica;s__,2759;35493;3398;3699;3700;3705;,1.37420887624259e-06,42206102,28210480,42194423,1428
138,Pine nut,Nuts,Nuts,3337,genbank,genus,3337,Eukaryota,Streptophyta,Pinopsida,Pinales,Pinaceae,Pinus,"",Pinus,genus,12,15,7126,k__Eukaryota;p__Streptophyta;c__Pinopsida;o__Pinales;f__Pinaceae;g__Pinus;s__,2759;35493;58019;1446380;3318;3337;,3.48843910350464e-07,42999174,26497426,42990836,6072
441,Colorado_Pinyon,Nuts,Nuts,3340,genbank,genus,3337,Eukaryota,Streptophyta,Pinopsida,Pinales,Pinaceae,Pinus,Pinus edulis,Pinus,genus,12,15,7126,k__Eukaryota;p__Streptophyta;c__Pinopsida;o__Pinales;f__Pinaceae;g__Pinus;s__,2759;35493;58019;1446380;3318;3337;,3.48843910350464e-07,42999174,26497426,42990836,6072
105,Apple,Fruits,Pomes,283210,genbank,genus,3749,Eukaryota,Streptophyta,Magnoliopsida,Rosales,Rosaceae,Malus,Malus pumila,Malus,genus,15,47,7128,k__Eukaryota;p__Streptophyta;c__Magnoliopsida;o__Rosales;f__Rosaceae;g__Malus;s__,2759;35493;3398;3744;3745;3749;,8.06910269672331e-07,58246873,31695209,58245240,1138
348,Malus,Fruits,Pomes,3749,genbank,genus,3749,Eukaryota,Streptophyta,Magnoliopsida,Rosales,Rosaceae,Malus,"",Malus,genus,15,47,7128,k__Eukaryota;p__Streptophyta;c__Magnoliopsida;o__Rosales;f__Rosaceae;g__Malus;s__,2759;35493;3398;3744;3745;3749;,8.06910269672331e-07,58246873,31695209,58245240,1138
,,,,,,,,,,,,,,,,species,0,0,7103,,,0,47914331,24006497,47905620,1727
